{
    "timestamp": {
        "min": [
            0.0
        ],
        "max": [
            47.599998474121094
        ],
        "mean": [
            23.750121671888564
        ],
        "std": [
            13.76989335343065
        ],
        "count": [
            11925
        ]
    },
    "next.done": {
        "min": [
            false
        ],
        "max": [
            true
        ],
        "mean": [
            0.0041928721174004195
        ],
        "std": [
            0.06461649898290331
        ],
        "count": [
            11925
        ]
    },
    "observation.images.image": {
        "min": [
            [
                [
                    0.0
                ]
            ],
            [
                [
                    0.0
                ]
            ],
            [
                [
                    0.0
                ]
            ]
        ],
        "max": [
            [
                [
                    1.0
                ]
            ],
            [
                [
                    1.0
                ]
            ],
            [
                [
                    1.0
                ]
            ]
        ],
        "mean": [
            [
                [
                    0.4378874570131302
                ]
            ],
            [
                [
                    0.47407434523105624
                ]
            ],
            [
                [
                    0.3859606385231018
                ]
            ]
        ],
        "std": [
            [
                [
                    0.23774774218823666
                ]
            ],
            [
                [
                    0.23544178986857206
                ]
            ],
            [
                [
                    0.23378676616270916
                ]
            ]
        ],
        "count": [
            5000
        ]
    },
    "index": {
        "min": [
            0
        ],
        "max": [
            11924
        ],
        "mean": [
            5962.0
        ],
        "std": [
            3442.450967939364
        ],
        "count": [
            11925
        ]
    },
    "next.reward": {
        "min": [
            0.0
        ],
        "max": [
            1.0
        ],
        "mean": [
            0.004192872156293387
        ],
        "std": [
            0.0646164964663221
        ],
        "count": [
            11925
        ]
    },
    "frame_index": {
        "min": [
            0
        ],
        "max": [
            238
        ],
        "mean": [
            118.75060796645703
        ],
        "std": [
            68.8494668275623
        ],
        "count": [
            11925
        ]
    },
    "action": {
        "min": [
            -0.003931231796741486,
            -0.002655613236129284,
            -0.005801673978567123,
            -0.011649237014353275,
            -0.017005130648612976,
            -6.282474040985107,
            0.0
        ],
        "max": [
            0.004288777243345976,
            0.0033740131184458733,
            0.004146524239331484,
            0.011423259973526001,
            0.014931568875908852,
            6.283077716827393,
            0.0
        ],
        "mean": [
            0.0015662405053075536,
            -0.00020029104826820495,
            -3.4290895405844384e-06,
            1.3049719894381491e-05,
            5.0418852210695944e-05,
            -0.001022590939861465,
            0.0
        ],
        "std": [
            0.0012936688751603973,
            0.0007882699178325269,
            0.0015917513705563,
            0.0037797741101769657,
            0.005711878875206816,
            0.11527452657528778,
            0.0
        ],
        "count": [
            11925
        ]
    },
    "observation.state": {
        "min": [
            -0.24864284694194794,
            -0.334052175283432,
            0.07862582802772522,
            1.1966640949249268,
            -0.5494663119316101,
            -3.141530990600586,
            -0.8257083892822266,
            -0.21025237441062927,
            -0.7205971479415894,
            -0.5983381867408752,
            -1.6021584272384644,
            -0.926152229309082,
            0.0
        ],
        "max": [
            0.28937551379203796,
            -0.12325254082679749,
            0.4001332223415375,
            2.845606803894043,
            0.7261915802955627,
            3.1415467262268066,
            1.2312979698181152,
            1.093835711479187,
            0.8418254852294922,
            1.3556114435195923,
            1.2804834842681885,
            1.6381245851516724,
            0.0
        ],
        "mean": [
            0.006277042441619208,
            -0.24657854942655663,
            0.2121724426159069,
            1.9777133400535183,
            0.011761295863776711,
            1.6204678003093231,
            0.1709977326699312,
            0.5121280029547289,
            -0.010642837202986722,
            0.16959633688272546,
            -0.16653431349080564,
            0.2867267649597342,
            0.0
        ],
        "std": [
            0.15137659909127213,
            0.048695495300663284,
            0.07559439779552131,
            0.38711255521650373,
            0.2726921011833399,
            1.365129873666763,
            0.5913137383051286,
            0.30228741879234744,
            0.3590095809615712,
            0.48870119358376035,
            1.0044080054577058,
            0.7278310398219711,
            0.0
        ],
        "count": [
            11925
        ]
    },
    "task_index": {
        "min": [
            0
        ],
        "max": [
            1
        ],
        "mean": [
            0.500041928721174
        ],
        "std": [
            0.4999999982419823
        ],
        "count": [
            11925
        ]
    },
    "episode_index": {
        "min": [
            0
        ],
        "max": [
            49
        ],
        "mean": [
            24.495765199161426
        ],
        "std": [
            14.435551955624241
        ],
        "count": [
            11925
        ]
    }
}