{
    "next.done": {
        "min": [
            false
        ],
        "max": [
            true
        ],
        "mean": [
            0.0005
        ],
        "std": [
            0.022355088906108152
        ],
        "count": [
            110000
        ]
    },
    "index": {
        "min": [
            0
        ],
        "max": [
            109999
        ],
        "mean": [
            54999.5
        ],
        "std": [
            31754.264804117258
        ],
        "count": [
            110000
        ]
    },
    "task_index": {
        "min": [
            0
        ],
        "max": [
            0
        ],
        "mean": [
            0.0
        ],
        "std": [
            0.0
        ],
        "count": [
            110000
        ]
    },
    "frame_index": {
        "min": [
            0
        ],
        "max": [
            1999
        ],
        "mean": [
            999.5
        ],
        "std": [
            577.3501970208376
        ],
        "count": [
            110000
        ]
    },
    "timestamp": {
        "min": [
            0.0
        ],
        "max": [
            39.97999954223633
        ],
        "mean": [
            19.989999771118164
        ],
        "std": [
            11.547003746032717
        ],
        "count": [
            110000
        ]
    },
    "action": {
        "min": [
            -0.9940195679664612,
            -1.3744468688964844,
            -0.1871456652879715,
            -1.6873788833618164,
            -0.7470486760139465,
            -1.4695535898208618,
            -0.1919591873884201,
            -0.14879614114761353,
            -1.2057089805603027,
            -0.3160000443458557,
            -0.7900001406669617,
            -0.5783107876777649,
            -0.2623107135295868,
            -0.17752182483673096
        ],
        "max": [
            0.09970875084400177,
            1.2041749954223633,
            1.3499031066894531,
            1.1658254861831665,
            0.5706408619880676,
            0.424912691116333,
            1.1254596710205078,
            0.9832817316055298,
            1.2793400287628174,
            1.2686021327972412,
            1.8377090692520142,
            0.4939418137073517,
            1.1060001850128174,
            1.1326782703399658
        ],
        "mean": [
            -0.34893560165708715,
            0.09367166916755112,
            0.7078499512238936,
            -0.6018193916840987,
            -0.08528175831200893,
            -0.38561869128183884,
            0.6181219707835804,
            0.29861745427955283,
            0.1991760117086497,
            0.592188517071984,
            0.5609202371063557,
            0.041396647721359675,
            0.22882090292193674,
            0.6339427937160839
        ],
        "std": [
            0.19430444476831316,
            0.7102923820359823,
            0.3517156549344454,
            0.4813541968087248,
            0.19890263052908538,
            0.4280787387333847,
            0.40624768553625773,
            0.14399146087226516,
            0.6641029362940952,
            0.3449040745743326,
            0.5290283962754885,
            0.1535671014423544,
            0.2612256022101711,
            0.41122353064654177
        ],
        "count": [
            110000
        ]
    },
    "observation.images.cam_left_wrist": {
        "min": [
            [
                [
                    0.0
                ]
            ],
            [
                [
                    0.0
                ]
            ],
            [
                [
                    0.0
                ]
            ]
        ],
        "max": [
            [
                [
                    1.0
                ]
            ],
            [
                [
                    1.0
                ]
            ],
            [
                [
                    1.0
                ]
            ]
        ],
        "mean": [
            [
                [
                    0.4362070387059992
                ]
            ],
            [
                [
                    0.4481102341955358
                ]
            ],
            [
                [
                    0.48455396565524017
                ]
            ]
        ],
        "std": [
            [
                [
                    0.22477363603081318
                ]
            ],
            [
                [
                    0.21781348093021388
                ]
            ],
            [
                [
                    0.22839447724671033
                ]
            ]
        ],
        "count": [
            16445
        ]
    },
    "observation.state": {
        "min": [
            -0.9909515976905823,
            -1.3805826902389526,
            -0.15493206679821014,
            -1.6935148239135742,
            -0.7271069288253784,
            -1.4787575006484985,
            -0.01832391880452633,
            -0.14726215600967407,
            -1.211844801902771,
            -0.2761165499687195,
            -0.7869321703910828,
            -0.5675728917121887,
            -0.26077672839164734,
            -0.004564686678349972
        ],
        "max": [
            0.10124273598194122,
            1.2103108167648315,
            1.3575730323791504,
            1.1535536050796509,
            0.5721748471260071,
            0.42337870597839355,
            0.9999830722808838,
            0.9786797761917114,
            1.2440584897994995,
            1.277806043624878,
            1.8377090692520142,
            0.48473793268203735,
            1.104466199874878,
            0.9999999403953552
        ],
        "mean": [
            -0.35074335363778203,
            0.10538948204114355,
            0.7244058977473866,
            -0.6015757866881111,
            -0.07900392205285078,
            -0.3927451090379195,
            0.6950434543869712,
            0.29431297399780965,
            0.20879174254157326,
            0.6083946531469172,
            0.5636146948418834,
            0.04413124261244031,
            0.24052441824566234,
            0.7185640389269049
        ],
        "std": [
            0.19710620731466197,
            0.7237686991857474,
            0.3511477626798351,
            0.4833153611483545,
            0.1972513068336785,
            0.4341777225560448,
            0.37453610875088766,
            0.14358842514113743,
            0.6712746183925388,
            0.34858186602022573,
            0.5339637958713358,
            0.15364058252644872,
            0.2655599634935613,
            0.3616080028053473
        ],
        "count": [
            110000
        ]
    },
    "observation.images.cam_right_wrist": {
        "min": [
            [
                [
                    0.0
                ]
            ],
            [
                [
                    0.0
                ]
            ],
            [
                [
                    0.0
                ]
            ]
        ],
        "max": [
            [
                [
                    1.0
                ]
            ],
            [
                [
                    1.0
                ]
            ],
            [
                [
                    1.0
                ]
            ]
        ],
        "mean": [
            [
                [
                    0.4479645653204484
                ]
            ],
            [
                [
                    0.45997795083306053
                ]
            ],
            [
                [
                    0.47472764253616334
                ]
            ]
        ],