{
    "action": {
        "min": [
            -453.4910888671875,
            -1294.9354248046875,
            766.85302734375,
            -2.9168388843536377,
            -1.090635061264038,
            -0.7050958871841431,
            0.0,
            0.0
        ],
        "max": [
            992.8726806640625,
            776.98095703125,
            1578.68310546875,
            0.24240845441818237,
            0.40342551469802856,
            0.9767318964004517,
            1.0,
            1.0
        ],
        "mean": [
            648.7957669804233,
            134.00902590067142,
            1084.434286527099,
            -0.597418110329458,
            -0.19925972542178608,
            0.01102756773884043,
            0.2548168729075726,
            0.0069432390325619795
        ],
        "std": [
            243.0857793540012,
            257.7542288179322,
            144.15362275693906,
            0.4970471927266068,
            0.15853586045755302,
            0.14871414133210686,
            0.4357582192679243,
            0.08303632095904977
        ],
        "count": [
            11522
        ]
    },
    "next.reward": {
        "min": [
            0.0
        ],
        "max": [
            1.0
        ],
        "mean": [
            0.0069432390325619795
        ],
        "std": [
            0.08303632069392257
        ],
        "count": [
            11522
        ]
    },
    "timestamp": {
        "min": [
            0.0
        ],
        "max": [
            39.400001525878906
        ],
        "mean": [
            14.48191264759561
        ],
        "std": [
            8.630352947420253
        ],
        "count": [
            11522
        ]
    },
    "episode_index": {
        "min": [
            0
        ],
        "max": [
            79
        ],
        "mean": [
            39.8871723659087
        ],
        "std": [
            23.050749132960263
        ],
        "count": [
            11522
        ]
    },
    "observation.state": {
        "min": [
            192.87489318847656,
            -531.969482421875,
            658.220947265625,
            -2.307762861251831,
            -1.1887726783752441,
            -0.8167831301689148,
            1.0650272369384766
        ],
        "max": [
            939.1944580078125,
            623.6038818359375,
            1441.9671630859375,
            0.3155794143676758,
            0.63946533203125,
            0.704525887966156,
            86.64202117919922
        ],
        "mean": [
            682.5031045080369,
            153.87716077206304,
            1069.1873691150286,
            -0.580734663307822,
            -0.1993851156973514,
            0.0033813596294435945,
            68.90058980040243
        ],
        "std": [
            184.59806142196393,
            190.78157119088561,
            126.94857686805243,
            0.44788406303088385,
            0.1631073287940546,
            0.1409863061366226,
            27.41669296516627
        ],
        "count": [
            11522
        ]
    },
    "next.done": {
        "min": [
            false
        ],
        "max": [
            true
        ],
        "mean": [
            0.006943239021003298
        ],
        "std": [
            0.08303632008284396
        ],
        "count": [
            11522
        ]
    },
    "task_index": {
        "min": [
            0
        ],
        "max": [
            0
        ],
        "mean": [
            0.0
        ],
        "std": [
            0.0
        ],
        "count": [
            11522
        ]
    },
    "frame_index": {
        "min": [
            0
        ],
        "max": [
            197
        ],
        "mean": [
            72.40956431175144
        ],
        "std": [
            43.15176516074211
        ],
        "count": [
            11522
        ]
    },
    "index": {
        "min": [
            0
        ],
        "max": [
            11521
        ],
        "mean": [
            5760.5
        ],
        "std": [
            3326.114888274306
        ],
        "count": [
            11522
        ]
    },
    "observation.images.image": {
        "min": [
            [
                [
                    0.0
                ]
            ],
            [
                [
                    0.0
                ]
            ],
            [
                [
                    0.0
                ]
            ]
        ],
        "max": [
            [
                [
                    1.0
                ]
            ],
            [
                [
                    1.0
                ]
            ],
            [
                [
                    1.0
                ]
            ]
        ],
        "mean": [
            [
                [
                    0.43747092261910436
                ]
            ],
            [
                [
                    0.43402683101594447
                ]
            ],
            [
                [
                    0.41916604042053224
                ]
            ]
        ],
        "std": [
            [
                [
                    0.24833686523600887
                ]
            ],
            [
                [
                    0.2471348330373519
                ]
            ],
            [
                [
                    0.2521293647558157
                ]
            ]
        ],
        "count": [
            8000
        ]
    }
}