{
    "timestamp": {
        "min": [
            0.0
        ],
        "max": [
            9.979999542236328
        ],
        "mean": [
            4.989999771118164
        ],
        "std": [
            2.8867456912994385
        ],
        "count": [
            50000
        ]
    },
    "index": {
        "min": [
            0
        ],
        "max": [
            49999
        ],
        "mean": [
            24999.5
        ],
        "std": [
            14433.756726853893
        ],
        "count": [
            50000
        ]
    },
    "observation.images.cam_left_wrist": {
        "min": [
            [
                [
                    0.0
                ]
            ],
            [
                [
                    0.0
                ]
            ],
            [
                [
                    0.0
                ]
            ]
        ],
        "max": [
            [
                [
                    1.0
                ]
            ],
            [
                [
                    1.0
                ]
            ],
            [
                [
                    1.0
                ]
            ]
        ],
        "mean": [
            [
                [
                    0.43588093280792234
                ]
            ],
            [
                [
                    0.44141333401203153
                ]
            ],
            [
                [
                    0.45080984503030774
                ]
            ]
        ],
        "std": [
            [
                [
                    0.25637508235778345
                ]
            ],
            [
                [
                    0.25392819103127906
                ]
            ],
            [
                [
                    0.2512937224833782
                ]
            ]
        ],
        "count": [
            10500
        ]
    },
    "observation.images.cam_right_wrist": {
        "min": [
            [
                [
                    0.0
                ]
            ],
            [
                [
                    0.0
                ]
            ],
            [
                [
                    0.0
                ]
            ]
        ],
        "max": [
            [
                [
                    1.0
                ]
            ],
            [
                [
                    1.0
                ]
            ],
            [
                [
                    1.0
                ]
            ]
        ],
        "mean": [
            [
                [
                    0.43242252737283704
                ]
            ],
            [
                [
                    0.43900195211172105
                ]
            ],
            [
                [
                    0.4469481316208839
                ]
            ]
        ],
        "std": [
            [
                [
                    0.25258907597564106
                ]
            ],
            [
                [
                    0.24913477013734664
                ]
            ],
            [
                [
                    0.24582360788780666
                ]
            ]
        ],
        "count": [
            10500
        ]
    },
    "task_index": {
        "min": [
            0
        ],
        "max": [
            0
        ],
        "mean": [
            0.0
        ],
        "std": [
            0.0
        ],
        "count": [
            50000
        ]
    },
    "frame_index": {
        "min": [
            0
        ],
        "max": [
            499
        ],
        "mean": [
            249.5
        ],
        "std": [
            144.33727862198316
        ],
        "count": [
            50000
        ]
    },
    "episode_index": {
        "min": [
            0
        ],
        "max": [
            99
        ],
        "mean": [
            49.5
        ],
        "std": [
            28.86607004772212
        ],
        "count": [
            50000
        ]
    },
    "action": {
        "min": [
            -0.36201947927474976,
            -1.052310824394226,
            0.4463884234428406,
            -0.42951464653015137,
            -1.3222914934158325,
            -1.5048352479934692,
            -0.17924150824546814,
            -0.18561168015003204,
            -1.072252631187439,
            0.3681553900241852,
            -0.30833014845848083,
            -1.572330355644226,
            -0.2914563715457916,
            -0.19624286890029907
        ],
        "max": [
            0.12732040882110596,
            0.45099037885665894,
            1.3545050621032715,
            0.17947575449943542,
            0.17180585861206055,
            0.24390295147895813,
            0.9304795861244202,
            0.3374757766723633,
            0.5476311445236206,
            1.4097284078598022,
            0.35128161311149597,
            -0.023009711876511574,
            0.5138835906982422,
            0.8191983699798584
        ],
        "mean": [
            -0.09340138711035252,
            -0.04210147020872682,
            0.918619647026062,
            -0.06423280221410095,
            -0.6588027715682984,
            -0.26574074521660807,
            0.3206216761469841,
            0.05062312530586496,
            0.08465019325434696,
            0.9548564434051514,
            -0.007984364552539773,
            -0.8625392860174179,
            0.1687598493695259,
            0.3840140247344971
        ],
        "std": [
            0.09870080532576693,
            0.268465825983167,
            0.16172299437286242,
            0.08475328846674743,
            0.30556596090917504,
            0.46420484477263513,
            0.38000066265621374,
            0.10585216254005203,
            0.31718066755682883,
            0.18187697100058997,
            0.10095271571400942,
            0.32386637552577674,
            0.1283666125284877,
            0.21125358925442478
        ],
        "count": [
            50000
        ]
    },
    "next.done": {
        "min": [
            false
        ],
        "max": [
            true
        ],
        "mean": [
            0.002
        ],
        "std": [
            0.04467661580737737
        ],
        "count": [
            50000
        ]
    },
    "observation.state": {
        "min": [
            -0.3635534644126892,
            -1.0538448095321655,
            0.4663301706314087,
            -0.424912691116333,
            -1.2992817163467407,
            -1.5079030990600586,
            -0.06760420650243759,
            -3.1415927410125732,
            -3.1415927410125732,
            -3.1415927410125732,
            -3.1415927410125732,
            -3.1415927410125732,
            -3.1415927410125732,
            -0.06666553765535355
        ],
        "max": [
            0.1257864236831665,
            0.4693981409072876,
            1.3621749877929688,
            0.17947575449943542,
            0.17180585861206055,
            0.24390295147895813,
            0.9575753211975098,
            0.33133986592292786,
            0.5645049214363098,
            1.4204663038253784,
            0.3497476279735565,
            -0.01840776950120926,
            0.5092816352844238,
            0.8727532029151917
        ],
        "mean": [
            -0.0922402489738306,
            -0.03250445003504865,
            0.9351614367961884,
            -0.06443661248107674,
            -0.6471870228648186,
            -0.2662240019440651,
            0.37094802036881447,
            0.05043603027181234,
            0.0912071791884955,
            0.9692977893352509,
            -0.007598519991151988,
            -0.8508550500869752,
            0.16792693784460425,
            0.41075338929891586
        ],