{
    "timestamp": {
        "min": [
            0.0
        ],
        "max": [
            7.980000019073486
        ],
        "mean": [
            3.990000009536743
        ],
        "std": [
            2.309393882751465
        ],
        "count": [
            20000
        ]
    },
    "observation.images.cam_low": {
        "min": [
            [
                [
                    0.0
                ]
            ],
            [
                [
                    0.0
                ]
            ],
            [
                [
                    0.0
                ]
            ]
        ],
        "max": [
            [
                [
                    1.0
                ]
            ],
            [
                [
                    1.0
                ]
            ],
            [
                [
                    1.0
                ]
            ]
        ],
        "mean": [
            [
                [
                    0.47615361750125884
                ]
            ],
            [
                [
                    0.5031823045015336
                ]
            ],
            [
                [
                    0.5128521120548248
                ]
            ]
        ],
        "std": [
            [
                [
                    0.21119495805604865
                ]
            ],
            [
                [
                    0.19948624049837974
                ]
            ],
            [
                [
                    0.19591133283033446
                ]
            ]
        ],
        "count": [
            5000
        ]
    },
    "frame_index": {
        "min": [
            0
        ],
        "max": [
            399
        ],
        "mean": [
            199.5
        ],
        "std": [
            115.46969299344309
        ],
        "count": [
            20000
        ]
    },
    "next.done": {
        "min": [
            false
        ],
        "max": [
            true
        ],
        "mean": [
            0.0025
        ],
        "std": [
            0.04993746088859546
        ],
        "count": [
            20000
        ]
    },
    "observation.images.cam_high": {
        "min": [
            [
                [
                    0.0
                ]
            ],
            [
                [
                    0.0
                ]
            ],
            [
                [
                    0.0
                ]
            ]
        ],
        "max": [
            [
                [
                    1.0
                ]
            ],
            [
                [
                    1.0
                ]
            ],
            [
                [
                    1.0
                ]
            ]
        ],
        "mean": [
            [
                [
                    0.4571314167976379
                ]
            ],
            [
                [
                    0.46274681806564333
                ]
            ],
            [
                [
                    0.47380379736423495
                ]
            ]
        ],
        "std": [
            [
                [
                    0.19184474002228405
                ]
            ],
            [
                [
                    0.18839288999969084
                ]
            ],
            [
                [
                    0.18568524769038372
                ]
            ]
        ],
        "count": [
            5000
        ]
    },
    "episode_index": {
        "min": [
            0
        ],
        "max": [
            49
        ],
        "mean": [
            24.5
        ],
        "std": [
            14.430869689661812
        ],
        "count": [
            20000
        ]
    },
    "observation.images.cam_right_wrist": {
        "min": [
            [
                [
                    0.0
                ]
            ],
            [
                [
                    0.0
                ]
            ],
            [
                [
                    0.0
                ]
            ]
        ],
        "max": [
            [
                [
                    1.0
                ]
            ],
            [
                [
                    1.0
                ]
            ],
            [
                [
                    1.0
                ]
            ]
        ],
        "mean": [
            [
                [
                    0.43251968383789063
                ]
            ],
            [
                [
                    0.43981319725513457
                ]
            ],
            [
                [
                    0.43947892129421234
                ]
            ]
        ],
        "std": [
            [
                [
                    0.27614187201858204
                ]
            ],
            [
                [
                    0.27026496850047094
                ]
            ],
            [
                [
                    0.2649424417472367
                ]
            ]
        ],
        "count": [
            5000
        ]
    },
    "task_index": {
        "min": [
            0
        ],
        "max": [
            0
        ],
        "mean": [
            0.0
        ],
        "std": [
            0.0
        ],
        "count": [
            20000
        ]
    },
    "index": {
        "min": [
            0
        ],
        "max": [
            19999
        ],
        "mean": [
            9999.5
        ],
        "std": [
            5773.502684679379
        ],
        "count": [
            20000
        ]
    },
    "observation.images.cam_left_wrist": {
        "min": [
            [
                [
                    0.0
                ]
            ],
            [
                [
                    0.0
                ]
            ],
            [
                [
                    0.0
                ]
            ]
        ],
        "max": [
            [
                [
                    1.0
                ]
            ],
            [
                [
                    1.0
                ]
            ],
            [
                [
                    1.0
                ]
            ]
        ],
        "mean": [
            [
                [
                    0.48292222678661345
                ]
            ],
            [
                [
                    0.4898409885168076
                ]
            ],
            [
                [
                    0.49360307574272155
                ]
            ]
        ],
        "std": [
            [
                [
                    0.28890646501124756
                ]
            ],
            [
                [
                    0.2856414808891151
                ]
            ],
            [
                [
                    0.28203395792996583
                ]
            ]
        ],
        "count": [
            5000
        ]
    },
    "observation.state": {
        "min": [
            -0.02454369328916073,
            -1.0032234191894531,
            0.9526020884513855,
            -0.41264083981513977,
            -1.1842331886291504,
            -0.22856314480304718,
            0.00911963451653719,
            -0.2715145945549011,
            -0.9710098505020142,
            0.015339808538556099,
            -0.14726215600967407,
            -0.928058385848999,
            -0.3021942377090454,
            -0.025461671873927116
        ],