{
    "episode_index": {
        "min": [
            0
        ],
        "max": [
            135
        ],
        "mean": [
            67.06095368239356
        ],
        "std": [
            38.86205895385714
        ],
        "count": [
            27808
        ]
    },
    "index": {
        "min": [
            0
        ],
        "max": [
            27807
        ],
        "mean": [
            13903.5
        ],
        "std": [
            8027.478137622052
        ],
        "count": [
            27808
        ]
    },
    "action": {
        "min": [
            -0.38539910316467285,
            -0.3117508590221405,
            0.0,
            0.0,
            0.0,
            0.0,
            0.0
        ],
        "max": [
            0.234324648976326,
            0.45121097564697266,
            0.0,
            0.0,
            0.0,
            0.0,
            0.0
        ],
        "mean": [
            -0.0013286320976436123,
            0.001484453127633303,
            0.0,
            0.0,
            0.0,
            0.0,
            0.0
        ],
        "std": [
            0.013066643282288886,
            0.015327088830380033,
            0.0,
            0.0,
            0.0,
            0.0,
            0.0
        ],
        "count": [
            27808
        ]
    },
    "task_index": {
        "min": [
            0
        ],
        "max": [
            0
        ],
        "mean": [
            0.0
        ],
        "std": [
            0.0
        ],
        "count": [
            27808
        ]
    },
    "observation.images.wrist_image": {
        "min": [
            [
                [
                    0.0
                ]
            ],
            [
                [
                    0.0
                ]
            ],
            [
                [
                    0.0
                ]
            ]
        ],
        "max": [
            [
                [
                    1.0
                ]
            ],
            [
                [
                    1.0
                ]
            ],
            [
                [
                    0.9843137264251709
                ]
            ]
        ],
        "mean": [
            [
                [
                    0.53921341206097
                ]
            ],
            [
                [
                    0.4799705749370879
                ]
            ],
            [
                [
                    0.4886674687265251
                ]
            ]
        ],
        "std": [
            [
                [
                    0.1702446610852246
                ]
            ],
            [
                [
                    0.22746942718190108
                ]
            ],
            [
                [
                    0.2434333244256697
                ]
            ]
        ],
        "count": [
            13563
        ]
    },
    "observation.state": {
        "min": [
            0.22959142923355103,
            -0.5080404281616211,
            0.0,
            0.0,
            0.0,
            0.0,
            0.0,
            0.0
        ],
        "max": [
            0.8362309336662292,
            0.5438947081565857,
            0.0,
            0.0,
            0.0,
            0.0,
            0.0,
            0.0
        ],
        "mean": [
            0.5260478463002467,
            -0.046367977183813525,
            0.0,
            0.0,
            0.0,
            0.0,
            0.0,
            0.0
        ],
        "std": [
            0.11703449101792462,
            0.15204446044760872,
            0.0,
            0.0,
            0.0,
            0.0,
            0.0,
            0.0
        ],
        "count": [
            27808
        ]
    },
    "frame_index": {
        "min": [
            0
        ],
        "max": [
            350
        ],
        "mean": [
            108.14894994246261
        ],
        "std": [
            69.30649058962804
        ],
        "count": [
            27808
        ]
    },
    "next.reward": {
        "min": [
            0.0
        ],
        "max": [
            1.0
        ],
        "mean": [
            0.0048906789519453
        ],
        "std": [
            0.06976216914045863
        ],
        "count": [
            27808
        ]
    },
    "observation.images.image": {
        "min": [
            [
                [
                    0.0
                ]
            ],
            [
                [
                    0.0
                ]
            ],
            [
                [
                    0.0
                ]
            ]
        ],
        "max": [
            [
                [
                    1.0
                ]
            ],
            [
                [
                    1.0
                ]
            ],
            [
                [
                    1.0
                ]
            ]
        ],
        "mean": [
            [
                [
                    0.5177649056446515
                ]
            ],
            [
                [
                    0.5072452027054299
                ]
            ],
            [
                [
                    0.5096376038209391
                ]
            ]
        ],
        "std": [
            [
                [
                    0.2554131570321351
                ]
            ],
            [
                [
                    0.25808818777116815
                ]
            ],
            [
                [
                    0.2746598650819529
                ]
            ]
        ],
        "count": [
            13563
        ]
    },
    "next.done": {
        "min": [
            false
        ],
        "max": [
            true
        ],
        "mean": [
            0.004890678941311853
        ],
        "std": [
            0.06976216883673314
        ],
        "count": [
            27808
        ]
    },
    "timestamp": {
        "min": [
            0.0
        ],
        "max": [
            35.0
        ],
        "mean": [
            10.814895121022733
        ],
        "std": [
            6.930649133397236
        ],
        "count": [
            27808
        ]
    }
}