{
    "observation.images.image": {
        "min": [
            [
                [
                    0.0
                ]
            ],
            [
                [
                    0.0
                ]
            ],
            [
                [
                    0.0
                ]
            ]
        ],
        "max": [
            [
                [
                    1.0
                ]
            ],
            [
                [
                    1.0
                ]
            ],
            [
                [
                    1.0
                ]
            ]
        ],
        "mean": [
            [
                [
                    0.493918746053129
                ]
            ],
            [
                [
                    0.48090434789390835
                ]
            ],
            [
                [
                    0.46565127630712044
                ]
            ]
        ],
        "std": [
            [
                [
                    0.18650245335116777
                ]
            ],
            [
                [
                    0.1807787730441325
                ]
            ],
            [
                [
                    0.18694290120824747
                ]
            ]
        ],
        "count": [
            37985
        ]
    },
    "observation.state": {
        "min": [
            -2.1353442668914795,
            -1.6309086084365845,
            -0.13563787937164307,
            -2.8458828926086426,
            -2.6471312046051025,
            0.37317386269569397,
            -2.1178665161132812,
            -0.08072236180305481,
            -0.04380417615175247,
            0.11328168958425522,
            -3.14158296585083,
            -1.1455252170562744,
            -0.4254569709300995
        ],
        "max": [
            1.0251531600952148,
            1.299109935760498,
            2.6956677436828613,
            -0.46481436491012573,
            1.409853458404541,
            3.5058159828186035,
            2.2937142848968506,
            0.6045057773590088,
            0.8173254728317261,
            0.8468776941299438,
            3.1414129734039307,
            1.4568569660186768,
            3.037126064300537
        ],
        "mean": [
            -0.7536848593263739,
            -0.9201198024499466,
            1.504208151522453,
            -2.095493293913626,
            -0.5066407488979254,
            2.4010181749657336,
            0.015099653462845634,
            0.3031414382826319,
            0.41600343113224486,
            0.46373741742030494,
            1.7677481624210114,
            0.0280905459494963,
            1.305177290144073
        ],
        "std": [
            0.47119999534271245,
            0.6354424179547178,
            0.48469050421890864,
            0.3974313647325773,
            0.6645192938658929,
            0.6037976052677251,
            0.7689234645328934,
            0.11816066842713961,
            0.11403618236103241,
            0.1648735838597172,
            0.6727050729349959,
            0.5244748529054839,
            0.3843624870919143
        ],
        "count": [
            44875
        ]
    },
    "action": {
        "min": [
            -0.10720108449459076,
            -0.11304032802581787,
            -0.1166718602180481,
            -0.12557268142700195,
            -0.12566182017326355,
            -0.1590954065322876,
            -0.19047071039676666,
            -0.05952230095863342,
            -0.07232445478439331,
            -0.06730806827545166,
            -6.278434753417969,
            -0.21479034423828125,
            -0.3627619743347168,
            -1.0,
            0.0
        ],
        "max": [
            0.1449570655822754,
            0.1302858591079712,
            0.11370348930358887,
            0.11802268028259277,
            0.21037065982818604,
            0.1295626163482666,
            0.19070535898208618,
            0.06424188613891602,
            0.07027634978294373,
            0.06129661202430725,
            6.281067848205566,
            0.1967729926109314,
            0.26377415657043457,
            1.0,
            1.0
        ],
        "mean": [
            -0.002895762478147016,
            0.0035571608574601443,
            0.0006435754538052456,
            0.0023153279388342524,
            -0.0023922197833951505,
            -0.0015158556131984729,
            0.002748102154503453,
            0.0010219935002900111,
            -0.00012002674753042416,
            0.00032894382652196133,
            0.001503431793072953,
            -0.0021985231136580838,
            -0.0016632289908241275,
            0.44601671439566987,
            0.01016155993605349
        ],
        "std": [
            0.03796470767822406,
            0.029993585123229506,
            0.030889869339018754,
            0.035438801269546426,
            0.02886609237368851,
            0.0436089219412025,
            0.06070827714178082,
            0.013274227814675178,
            0.013216028488684911,
            0.012822323551387117,
            0.2732517002663698,
            0.05702252453008495,
            0.03917296653185608,
            0.8950246416744556,
            0.10029108972276382
        ],
        "count": [
            44875
        ]
    },
    "index": {
        "min": [
            0
        ],
        "max": [
            44874
        ],
        "mean": [
            22437.0
        ],
        "std": [
            12954.296661725792
        ],
        "count": [
            44875
        ]
    },
    "task_index": {
        "min": [
            0
        ],
        "max": [
            0
        ],
        "mean": [
            0.0
        ],
        "std": [
            0.0
        ],
        "count": [
            44875
        ]
    },
    "timestamp": {
        "min": [
            0.0
        ],
        "max": [
            55.20000076293945
        ],
        "mean": [
            11.378125876738169
        ],
        "std": [
            8.259899857617645
        ],
        "count": [
            44875
        ]
    },
    "observation.images.image_additional_view": {
        "min": [
            [
                [
                    0.0
                ]
            ],
            [
                [
                    0.0
                ]
            ],
            [
                [
                    0.0
                ]
            ]
        ],
        "max": [
            [
                [
                    1.0
                ]
            ],
            [
                [
                    1.0
                ]
            ],
            [
                [
                    1.0
                ]
            ]
        ],
        "mean": [
            [
                [
                    0.48689566736584106
                ]
            ],
            [
                [
                    0.4608562428354668
                ]
            ],
            [
                [
                    0.4308657946689546
                ]
            ]
        ],
        "std": [
            [
                [
                    0.17227344594669322
                ]
            ],
            [
                [
                    0.15405352309233128
                ]
            ],
            [
                [
                    0.16121337837177438
                ]
            ]
        ],
        "count": [
            37985
        ]
    },
    "frame_index": {
        "min": [
            0
        ],
        "max": [
            276
        ],
        "mean": [
            56.8906295264624
        ],
        "std": [
            41.299499402691175
        ],
        "count": [
            44875
        ]
    },
    "episode_index": {
        "min": [
            0
        ],
        "max": [
            455
        ],
        "mean": [
            236.94970473537603
        ],