{
    "task_index": {
        "min": [
            0
        ],
        "max": [
            0
        ],
        "mean": [
            0.0
        ],
        "std": [
            0.0
        ],
        "count": [
            11275
        ]
    },
    "frame_index": {
        "min": [
            0
        ],
        "max": [
            499
        ],
        "mean": [
            237.33259423503327
        ],
        "std": [
            140.03010533821103
        ],
        "count": [
            11275
        ]
    },
    "next.done": {
        "min": [
            false
        ],
        "max": [
            true
        ],
        "mean": [
            0.0021286031042128603
        ],
        "std": [
            0.046087657274346196
        ],
        "count": [
            11275
        ]
    },
    "action": {
        "min": [
            -0.06532660126686096,
            0.051552653312683105,
            -1.390634298324585,
            0.017586657777428627,
            -0.659539520740509,
            -0.39803546667099,
            -0.4489206373691559,
            -1.3614853620529175,
            0.011275755241513252,
            -0.8375817537307739,
            -0.171399787068367,
            -0.30575627088546753,
            -0.18311671912670135,
            -0.4662907123565674,
            -0.5823158621788025,
            -1.0710076093673706,
            -0.27028658986091614,
            -0.3484043478965759,
            -0.588840126991272,
            -0.5261914134025574,
            -0.13279876112937927,
            -0.3155933618545532,
            -0.00022900477051734924,
            -0.23203620314598083,
            38.54132843017578,
            16.414505004882812,
            12.273836135864258,
            29.0163516998291,
            118.6892318725586,
            82.31725311279297,
            -145.54632568359375,
            0.012637289240956306,
            9.899701118469238,
            7.149596214294434,
            10.578529357910156,
            19.547935485839844,
            128.2388153076172,
            40.35999298095703,
            -106.7794418334961,
            0.003756288206204772
        ],
        "max": [
            0.3463827669620514,
            0.4561010003089905,
            0.17791737616062164,
            2.4219019412994385,
            -0.0066483840346336365,
            0.010814984329044819,
            -0.09472573548555374,
            0.1647729128599167,
            2.4878456592559814,
            -0.15907250344753265,
            0.2815752327442169,
            1.052280306816101,
            0.1571752279996872,
            0.08880044519901276,
            0.08650974184274673,
            1.0441274642944336,
            0.79554283618927,
            1.0143829584121704,
            1.181631088256836,
            0.34929952025413513,
            0.05231504887342453,
            -0.08037825673818588,
            0.27626529335975647,
            0.15067237615585327,
            174.255615234375,
            176.36871337890625,
            178.60507202148438,
            175.29640197753906,
            179.6853485107422,
            118.57199096679688,
            178.85487365722656,
            0.13935041427612305,
            178.44216918945312,
            178.7729949951172,
            179.19717407226562,
            176.40365600585938,
            179.70458984375,
            97.10811614990234,
            157.29762268066406,
            0.15205684304237366
        ],
        "mean": [
            0.0816186070607401,
            0.2120449120083828,
            -0.25969600849299634,
            0.595457099758072,
            -0.18379945986947568,
            -0.13688484230749887,
            -0.2005723008427546,
            -0.2545680902947872,
            0.6700358713281128,
            -0.3365447079791727,
            -0.05630284318588922,
            0.349854982084287,
            -0.07968752407479181,
            -0.16140017805501258,
            -0.2894346826356689,
            0.10433455657403908,
            0.06319977716437465,
            0.16440764869131694,
            -0.08025916986489573,
            0.00873329313554514,
            -0.01080761968721935,
            -0.19550274120862626,
            0.16161735828329876,
            -0.006238183766054175,
            150.86950771560163,
            153.32675844179818,
            152.36673711197338,
            146.19411723946786,
            168.44541136071317,
            95.36889198455472,
            2.599078171929869,
            0.09299612154320973,
            122.31254095513117,
            127.94369251395013,
            128.13398754517414,
            124.55506783631319,
            166.71101683893647,
            72.49100455476545,
            -19.104426320534852,
            0.07424361519763316
        ],
        "std": [
            0.07632163209471783,
            0.1069110202119794,
            0.5461090276689158,
            0.7956054932556708,
            0.16895265755583347,
            0.07641626083643059,
            0.06594037756846664,
            0.5282254462547205,
            0.8393018028792537,
            0.19217489323494566,
            0.10211411799761433,
            0.2529877111137522,
            0.06976613753944656,
            0.11297741380047881,
            0.14837216601661815,
            0.39340910412597707,
            0.18407363193945103,
            0.2944310727541926,
            0.34815326506991856,
            0.052890762697274996,
            0.0138617622560353,
            0.046414925611549585,
            0.04785269677502408,
            0.03653839358072121,
            12.472841388555498,
            19.988613068461827,
            21.944045092246093,
            14.508673989843238,
            5.770761921779956,
            5.4865197990416235,
            8.812709850594919,
            0.023126112983110916,
            38.801376227057844,
            44.52193163918111,
            44.243385735781885,
            32.907669538931394,
            6.5000190384113266,
            14.036871499278202,
            18.20675819350144,
            0.04458902942481588
        ],
        "count": [
            11275
        ]
    },
    "episode_index": {
        "min": [
            0
        ],
        "max": [
            23
        ],
        "mean": [
            11.148558758314856
        ],
        "std": [
            6.8229179736008385
        ],
        "count": [
            11275
        ]
    },
    "observation.images.cam_left": {
        "min": [
            [
                [
                    0.0
                ]
            ],
            [
                [
                    0.0
                ]
            ],
            [
                [
                    0.0
                ]
            ]
        ],
        "max": [
            [
                [
                    1.0
                ]
            ],
            [
                [
                    1.0
                ]
            ],
            [
                [
                    1.0
                ]
            ]
        ],
        "mean": [
            [
                [
                    0.4776802674025837
                ]
            ],
            [
                [
                    0.5282788893106718
                ]
            ],
            [
                [
                    0.43708218145418454
                ]
            ]
        ],
        "std": [
            [
                [
                    0.2410781444552372
                ]
            ],
            [
                [
                    0.26367741686914165
                ]
            ],
            [
                [
                    0.2546813861566729
                ]
            ]
        ],
        "count": [
            2485
        ]
    },