{
    "action": {
        "min": [
            -0.4939418137073517,
            -1.3161555528640747,
            0.8329516053199768,
            -0.18254372477531433,
            -0.7393787503242493,
            -0.39576706290245056,
            -0.04397515580058098,
            -0.19174760580062866,
            -1.2164467573165894,
            0.14112623035907745,
            -2.208932399749756,
            -1.2501944303512573,
            -0.11351457983255386,
            -0.004272152204066515
        ],
        "max": [
            0.08283496648073196,
            -0.11044661700725555,
            1.3468351364135742,
            0.3221359848976135,
            0.09050486981868744,
            0.09817477315664291,
            0.033626165241003036,
            1.1136701107025146,
            0.7025632262229919,
            1.3299614191055298,
            0.25310683250427246,
            1.1919031143188477,
            1.0952622890472412,
            0.06791524589061737
        ],
        "mean": [
            -0.07326730596832931,
            -0.8873890608549118,
            1.2249888062477112,
            0.02898293232865399,
            -0.40173794478178027,
            -0.12693711146712303,
            0.024594334419816732,
            0.25278510227799417,
            -0.4360861912369728,
            0.9043556064367294,
            -0.387223768979311,
            -0.19676924571394921,
            0.2868805184960365,
            0.055145370028913024
        ],
        "std": [
            0.09671490898329034,
            0.20042537835662427,
            0.06841287340778883,
            0.08561960612872793,
            0.11497668911809227,
            0.07425755598174534,
            0.003739782729468241,
            0.22896047163630046,
            0.4479007243238984,
            0.24572866537064383,
            0.47419421236432374,
            0.4244176323831184,
            0.2486705563535188,
            0.006314341598055471
        ],
        "count": [
            45000
        ]
    },
    "observation.state": {
        "min": [
            -0.4939418137073517,
            -1.323825478553772,
            0.8590292930603027,
            -0.18100973963737488,
            -0.7317088842391968,
            -0.39576706290245056,
            -0.014995405450463295,
            -0.1702718734741211,
            -1.2195147275924683,
            0.19634954631328583,
            -2.2043304443359375,
            -1.2394565343856812,
            -0.11811652034521103,
            -0.00011957547394558787
        ],
        "max": [
            0.08436894416809082,
            -0.10124273598194122,
            1.3575730323791504,
            0.3221359848976135,
            0.0920388475060463,
            0.0951068103313446,
            0.019287999719381332,
            1.1106021404266357,
            0.7240389585494995,
            1.3406991958618164,
            0.24236896634101868,
            1.1842331886291504,
            1.0921943187713623,
            0.044272493571043015
        ],
        "mean": [
            -0.0728931789752096,
            -0.8918163180351257,
            1.2413482964038849,
            0.02850382768083364,
            -0.3951674044132233,
            -0.1269285138696432,
            0.014170111808925866,
            0.25147662609815596,
            -0.4287901043891907,
            0.9219509214162827,
            -0.38703586980700494,
            -0.19050024822354317,
            0.2861069642007351,
            0.035214491188526154
        ],
        "std": [
            0.09622077920534644,
            0.20443471607020877,
            0.06770840674023894,
            0.08573014317315712,
            0.11437164393550336,
            0.07445940803757647,
            0.002207425455969779,
            0.2285647754718685,
            0.4593733186373602,
            0.24622086319149988,
            0.4732951110963698,
            0.4218636135460013,
            0.24837986758709862,
            0.004497281517579667
        ],
        "count": [
            45000
        ]
    },
    "observation.images.cam_right_wrist": {
        "min": [
            [
                [
                    0.0
                ]
            ],
            [
                [
                    0.0
                ]
            ],
            [
                [
                    0.0
                ]
            ]
        ],
        "max": [
            [
                [
                    1.0
                ]
            ],
            [
                [
                    1.0
                ]
            ],
            [
                [
                    1.0
                ]
            ]
        ],
        "mean": [
            [
                [
                    0.4344328537583351
                ]
            ],
            [
                [
                    0.43731501400470735
                ]
            ],
            [
                [
                    0.42931211888790133
                ]
            ]
        ],
        "std": [
            [
                [
                    0.19067961785839202
                ]
            ],
            [
                [
                    0.18897302163419868
                ]
            ],
            [
                [
                    0.18726772326260752
                ]
            ]
        ],
        "count": [
            6520
        ]
    },
    "episode_index": {
        "min": [
            0
        ],
        "max": [
            19
        ],
        "mean": [
            9.5
        ],
        "std": [
            5.766281297335398
        ],
        "count": [
            45000
        ]
    },
    "task_index": {
        "min": [
            0
        ],
        "max": [
            0
        ],
        "mean": [
            0.0
        ],
        "std": [
            0.0
        ],
        "count": [
            45000
        ]
    },
    "observation.images.cam_left_wrist": {
        "min": [
            [
                [
                    0.0
                ]
            ],
            [
                [
                    0.0
                ]
            ],
            [
                [
                    0.0
                ]
            ]
        ],
        "max": [
            [
                [
                    1.0
                ]
            ],
            [
                [
                    1.0
                ]
            ],
            [
                [
                    1.0
                ]
            ]
        ],
        "mean": [
            [
                [
                    0.40523468405008317
                ]
            ],
            [
                [
                    0.40789432525634767
                ]
            ],
            [
                [
                    0.4052014648914337
                ]
            ]
        ],
        "std": [
            [
                [
                    0.1979660621693344
                ]
            ],
            [
                [
                    0.1981197519512672
                ]
            ],
            [
                [
                    0.19750960833574377
                ]
            ]
        ],
        "count": [
            6520
        ]
    },
    "index": {
        "min": [
            0
        ],
        "max": [
            44999
        ],
        "mean": [
            22499.5
        ],
        "std": [
            12990.381053559078
        ],
        "count": [
            45000
        ]
    },
    "observation.images.cam_high": {
        "min": [
            [
                [
                    0.0
                ]
            ],
            [
                [
                    0.0
                ]
            ],
            [
                [
                    0.0
                ]
            ]
        ],