{
    "observation.images.cam_high": {
        "min": [
            [
                [
                    0.0
                ]
            ],
            [
                [
                    0.0
                ]
            ],
            [
                [
                    0.0
                ]
            ]
        ],
        "max": [
            [
                [
                    1.0
                ]
            ],
            [
                [
                    1.0
                ]
            ],
            [
                [
                    1.0
                ]
            ]
        ],
        "mean": [
            [
                [
                    0.4600672477947117
                ]
            ],
            [
                [
                    0.46504516908939425
                ]
            ],
            [
                [
                    0.4741806503599361
                ]
            ]
        ],
        "std": [
            [
                [
                    0.2076839807198858
                ]
            ],
            [
                [
                    0.20264986256328713
                ]
            ],
            [
                [
                    0.197100971622245
                ]
            ]
        ],
        "count": [
            10355
        ]
    },
    "episode_index": {
        "min": [
            0
        ],
        "max": [
            100
        ],
        "mean": [
            52.37582417582418
        ],
        "std": [
            29.113522935696526
        ],
        "count": [
            45500
        ]
    },
    "next.done": {
        "min": [
            false
        ],
        "max": [
            true
        ],
        "mean": [
            0.00221978021978022
        ],
        "std": [
            0.04706222259473189
        ],
        "count": [
            45500
        ]
    },
    "observation.images.cam_low": {
        "min": [
            [
                [
                    0.0
                ]
            ],
            [
                [
                    0.0
                ]
            ],
            [
                [
                    0.0
                ]
            ]
        ],
        "max": [
            [
                [
                    1.0
                ]
            ],
            [
                [
                    1.0
                ]
            ],
            [
                [
                    1.0
                ]
            ]
        ],
        "mean": [
            [
                [
                    0.45154867901541884
                ]
            ],
            [
                [
                    0.4508451631194667
                ]
            ],
            [
                [
                    0.45399961661221844
                ]
            ]
        ],
        "std": [
            [
                [
                    0.22856657917031523
                ]
            ],
            [
                [
                    0.22333892199479202
                ]
            ],
            [
                [
                    0.21197693490502578
                ]
            ]
        ],
        "count": [
            10355
        ]
    },
    "timestamp": {
        "min": [
            0.0
        ],
        "max": [
            9.979999542236328
        ],
        "mean": [
            4.5504394363571
        ],
        "std": [
            2.6946179793128295
        ],
        "count": [
            45500
        ]
    },
    "action": {
        "min": [
            -0.3129321038722992,
            -1.0584467649459839,
            0.3804272413253784,
            -0.3850291967391968,
            -1.512505054473877,
            -0.8559613227844238,
            -0.18696939945220947,
            -0.25617480278015137,
            -1.0431069135665894,
            0.3021942377090454,
            -0.6887574195861816,
            -1.699650764465332,
            -0.2485048919916153,
            -0.26115691661834717
        ],
        "max": [
            0.09817477315664291,
            0.49854376912117004,
            1.3514370918273926,
            0.029145635664463043,
            0.424912691116333,
            0.452524334192276,
            0.7743767499923706,
            0.3328738510608673,
            0.3804272413253784,
            1.3637089729309082,
            0.5767768025398254,
            0.5292233824729919,
            1.4266021251678467,
            0.8609288334846497
        ],
        "mean": [
            -0.06111940270786143,
            -0.0022929375479509542,
            0.9094122954777308,
            -0.06318109546491242,
            -0.6687821712467696,
            0.0028893020327694224,
            0.2940640213397833,
            0.010052183471686606,
            -0.13226470301889784,
            0.8928765472474989,
            -0.020444601886793153,
            -0.46899221971794797,
            0.3948602635781844,
            0.21580533345567657
        ],
        "std": [
            0.08985262343879603,
            0.34770562186520193,
            0.18200598301603663,
            0.07547814894717385,
            0.3533436238527954,
            0.10581045232061828,
            0.24378584606066886,
            0.09806282898007054,
            0.3222435496478896,
            0.19307992655236078,
            0.14287907067814448,
            0.4257492319291054,
            0.3708638057338423,
            0.38332737770930847
        ],
        "count": [
            45500
        ]
    },
    "frame_index": {
        "min": [
            0
        ],
        "max": [
            499
        ],
        "mean": [
            227.52197802197801
        ],
        "std": [
            134.73089605629207
        ],
        "count": [
            45500
        ]
    },
    "task_index": {
        "min": [
            0
        ],
        "max": [
            0
        ],
        "mean": [
            0.0
        ],
        "std": [
            0.0
        ],
        "count": [
            45500
        ]
    },
    "observation.images.cam_left_wrist": {
        "min": [
            [
                [
                    0.0
                ]
            ],
            [
                [
                    0.0
                ]
            ],
            [
                [
                    0.0
                ]
            ]
        ],
        "max": [
            [
                [
                    1.0
                ]
            ],
            [
                [
                    1.0
                ]
            ],
            [
                [
                    1.0
                ]
            ]
        ],
        "mean": [
            [
                [
                    0.4491214387978637
                ]
            ],
            [
                [
                    0.4559396641919833
                ]
            ],
            [
                [
                    0.46833340122122974
                ]
            ]
        ],
        "std": [
            [
                [
                    0.2557589948117855
                ]
            ],
            [
                [
                    0.2522276547551708
                ]
            ],
            [
                [
                    0.24845418360957633
                ]
            ]
        ],
        "count": [
            10355
        ]
    },
    "index": {
        "min": [
            0
        ],
        "max": [
            45499
        ],
        "mean": [
            22749.5
        ],
        "std": [
            13134.718620891732
        ],
        "count": [
            45500
        ]
    },