{
    "task_index": {
        "min": [
            0
        ],
        "max": [
            19
        ],
        "mean": [
            9.586693987879844
        ],
        "std": [
            5.766676747485733
        ],
        "count": [
            22937
        ]
    },
    "frame_index": {
        "min": [
            0
        ],
        "max": [
            1334
        ],
        "mean": [
            578.2417927366264
        ],
        "std": [
            339.9792046179192
        ],
        "count": [
            22937
        ]
    },
    "action": {
        "min": [
            -1.819014310836792,
            -6.329837799072266,
            -5.644770622253418,
            -1.3588829040527344,
            -5.995640277862549,
            -6.007407188415527,
            -1.9169055223464966,
            -4.836634635925293,
            -6.973359107971191,
            -0.7825251817703247,
            -5.411200046539307,
            -7.790076732635498
        ],
        "max": [
            1.6249504089355469,
            4.018702983856201,
            8.037939071655273,
            1.134591817855835,
            5.822939872741699,
            7.308067321777344,
            1.7325615882873535,
            8.733166694641113,
            7.309380531311035,
            2.0872414112091064,
            9.187295913696289,
            7.1296186447143555
        ],
        "mean": [
            -0.2219442375445733,
            -0.6333846930461051,
            0.23101631665995612,
            0.24414946587836103,
            -0.4383923426154684,
            0.5183487626958918,
            -0.4734282808934363,
            2.451174952477956,
            1.024837336944776,
            0.5360788548840377,
            2.4499098043961083,
            0.890455702682493
        ],
        "std": [
            0.14128539410219226,
            0.6727810559754341,
            0.972699439107012,
            0.13608390827269282,
            0.6982279708935939,
            0.7833124588038448,
            0.20851950408057957,
            1.0700987801649304,
            0.7324359580554164,
            0.22334183233579893,
            1.045207969881429,
            0.7302400413792118
        ],
        "count": [
            22937
        ]
    },
    "timestamp": {
        "min": [
            0.0
        ],
        "max": [
            266.79998779296875
        ],
        "mean": [
            115.64835824503668
        ],
        "std": [
            67.99584098947479
        ],
        "count": [
            22937
        ]
    },
    "next.done": {
        "min": [
            false
        ],
        "max": [
            true
        ],
        "mean": [
            0.000871953612067838
        ],
        "std": [
            0.029515983957277118
        ],
        "count": [
            22937
        ]
    },
    "index": {
        "min": [
            0
        ],
        "max": [
            22936
        ],
        "mean": [
            11468.0
        ],
        "std": [
            6621.34155590844
        ],
        "count": [
            22937
        ]
    },
    "observation.state": {
        "min": [
            -1.7123998403549194,
            -0.9290430545806885,
            -2.776073455810547,
            -5.057950496673584,
            -5.012817859649658,
            -1.130991816520691,
            -0.25754067301750183,
            -1.4734327793121338,
            -0.7752888798713684,
            -0.3781663477420807,
            -1.2078382968902588,
            -0.8813815712928772,
            -0.4112899601459503,
            -0.8755121827125549,
            -1.0326075553894043,
            -0.1331000179052353,
            -0.8546811938285828,
            -0.9302695393562317,
            -4.596067428588867,
            -23.861391067504883,
            -17.161270141601562,
            -5.852878093719482,
            -22.284259796142578,
            -17.10892105102539,
            -8.81036376953125,
            -20.421873092651367,
            -17.358919143676758,
            -7.5061445236206055,
            -16.032489776611328,
            -17.621597290039062
        ],
        "max": [
            1.420059084892273,
            0.7713949084281921,
            1.1192376613616943,
            4.773599624633789,
            4.708952903747559,
            1.1412169933319092,
            0.36526811122894287,
            0.923881471157074,
            0.7605487704277039,
            0.24688297510147095,
            0.8859134316444397,
            0.7014066576957703,
            0.1969250589609146,
            1.0948283672332764,
            0.8010803461074829,
            0.3852512836456299,
            1.1772438287734985,
            0.7467422485351562,
            5.887515544891357,
            22.773395538330078,
            16.19431495666504,
            7.480865478515625,
            20.95115852355957,
            16.802026748657227,
            8.311810493469238,
            23.586755752563477,
            16.625152587890625,
            6.1633405685424805,
            23.35344696044922,
            16.50537109375
        ],
        "mean": [
            -0.0023049737653039826,
            -0.00011687186533219475,
            -0.0022065695842575796,
            -0.0009721632394035979,
            -0.0003583354327822099,
            0.00014571112467679057,
            0.059735608195026275,
            0.12079045351296007,
            -0.07421202658500083,
            -0.07597683795735545,
            0.10644643537124987,
            -0.0651990067211571,
            0.009730781858960003,
            0.4190313054452764,
            -0.1499638665959128,
            0.024567806297149768,
            0.4706422388761509,
            -0.13064592742133058,
            -0.00509780671158784,
            -0.012495681695773185,
            0.017703687511866045,
            0.005598688621362135,
            -0.01243279063274371,
            0.016336797663894717,
            -0.008191213292748339,
            0.009062311613906915,
            0.012975489343079433,
            0.0079856549497351,
            0.01354987519201335,
            0.012727435542252351
        ],
        "std": [
            0.23281666858238595,
            0.08128679435746437,
            0.14900943773707562,
            0.28772301153772106,
            0.4893313796843956,
            0.07199786436587077,
            0.07420700399213531,
            0.3280234705786477,
            0.14319919702852693,
            0.08168118604808136,
            0.3016388562272354,
            0.13190720683672771,
            0.08189309042422006,
            0.19306705005083927,
            0.11956061529091816,
            0.07084713216330853,
            0.20787365470215072,
            0.12132392243338523,
            0.42671698791307855,
            1.9430195865817574,
            1.856848918824502,
            0.4619068845504304,
            1.7162460237950017,
            1.6614715576625467,
            0.48887336697709,
            1.829679938797453,
            1.6633520150859873,
            0.46165201661424377,
            1.693629957520622,
            1.6153860063972612
        ],
        "count": [
            22937
        ]
    },
    "episode_index": {
        "min": [
            0
        ],
        "max": [
            19
        ],
        "mean": [
            9.586693987879844
        ],
        "std": [
            5.766676747485733
        ],
        "count": [
            22937
        ]
    },
    "observation.images.image": {
        "min": [
            [
                [
                    0.0
                ]
            ],
            [
                [
                    0.0
                ]
            ],
            [
                [
                    0.0
                ]
            ]
        ],