{
    "task_index": {
        "min": [
            0
        ],
        "max": [
            0
        ],
        "mean": [
            0.0
        ],
        "std": [
            0.0
        ],
        "count": [
            7622
        ]
    },
    "timestamp": {
        "min": [
            0.0
        ],
        "max": [
            39.79999923706055
        ],
        "mean": [
            13.80338469114056
        ],
        "std": [
            11.919291578709691
        ],
        "count": [
            7622
        ]
    },
    "episode_index": {
        "min": [
            0
        ],
        "max": [
            106
        ],
        "mean": [
            51.61952243505642
        ],
        "std": [
            29.092065641117294
        ],
        "count": [
            7622
        ]
    },
    "action": {
        "min": [
            -0.004632457159459591,
            -0.005748792551457882,
            -0.011109131388366222,
            -0.004965866915881634,
            -0.007657780312001705,
            -0.006925129797309637,
            1.0
        ],
        "max": [
            0.004125275649130344,
            0.0034917802549898624,
            0.006452583707869053,
            0.0065098777413368225,
            0.006107755936682224,
            0.006421665195375681,
            1.0
        ],
        "mean": [
            -1.7791348057330105e-05,
            -3.824365311434209e-05,
            -0.00038651577701673875,
            2.817380959405347e-05,
            7.860234208073837e-05,
            6.662486486682614e-05,
            1.0
        ],
        "std": [
            0.0004258477551790845,
            0.0005073621630264001,
            0.0012398473417381763,
            0.0005687387712720287,
            0.0007507695014994162,
            0.0006957625044283529,
            0.0
        ],
        "count": [
            7622
        ]
    },
    "observation.state": {
        "min": [
            0.45577624440193176,
            -0.5011615753173828,
            -0.1683390587568283,
            3.123939275741577,
            -0.07335454970598221,
            -3.1415610313415527,
            -9.435662269592285,
            -36.32740783691406,
            -20.465852737426758,
            -2.0117483139038086,
            -0.8093845844268799,
            -0.8250309824943542
        ],
        "max": [
            0.47120001912117004,
            -0.19233739376068115,
            -0.05858861282467842,
            3.1370341777801514,
            0.005489727947860956,
            3.141583204269409,
            8.038230895996094,
            30.547407150268555,
            45.148162841796875,
            1.6424415111541748,
            1.3944895267486572,
            0.7049170732498169
        ],
        "mean": [
            0.4604073074961297,
            -0.35509338251008854,
            -0.1363224556845056,
            3.129750977285701,
            -0.010530258688161487,
            2.7218680416496053,
            -0.2608235709469866,
            -0.050673329861914314,
            4.467122523511687,
            -0.012472531964656135,
            0.010226599478202507,
            0.000606357792716219
        ],
        "std": [
            0.0033797612837153713,
            0.10504686308215339,
            0.02434185191822477,
            0.0017799455908656468,
            0.01722956204205784,
            1.541537813118906,
            1.9109244265558603,
            7.714932845819257,
            11.62147023422585,
            0.4434266986681965,
            0.2943902794896354,
            0.18004216583519608
        ],
        "count": [
            7622
        ]
    },
    "next.reward": {
        "min": [
            0.0
        ],
        "max": [
            1.0
        ],
        "mean": [
            0.010758331267403136
        ],
        "std": [
            0.10316292589312961
        ],
        "count": [
            7622
        ]
    },
    "observation.images.image": {
        "min": [
            [
                [
                    0.0
                ]
            ],
            [
                [
                    0.0
                ]
            ],
            [
                [
                    0.0
                ]
            ]
        ],
        "max": [
            [
                [
                    1.0
                ]
            ],
            [
                [
                    1.0
                ]
            ],
            [
                [
                    1.0
                ]
            ]
        ],
        "mean": [
            [
                [
                    0.6317826459328378
                ]
            ],
            [
                [
                    0.6016379752424776
                ]
            ],
            [
                [
                    0.5549047055070333
                ]
            ]
        ],
        "std": [
            [
                [
                    0.28987449880261434
                ]
            ],
            [
                [
                    0.27132937627375986
                ]
            ],
            [
                [
                    0.2667760656633501
                ]
            ]
        ],
        "count": [
            5313
        ]
    },
    "index": {
        "min": [
            0
        ],
        "max": [
            7621
        ],
        "mean": [
            3810.5
        ],
        "std": [
            2200.2818569446963
        ],
        "count": [
            7622
        ]
    },
    "next.done": {
        "min": [
            false
        ],
        "max": [
            true
        ],
        "mean": [
            0.01403831015481501
        ],
        "std": [
            0.11764878241109097
        ],
        "count": [
            7622
        ]
    },
    "frame_index": {
        "min": [
            0
        ],
        "max": [
            199
        ],
        "mean": [
            69.01692469168198
        ],
        "std": [
            59.59645938501685
        ],
        "count": [
            7622
        ]
    }
}