{
    "frame_index": {
        "min": [
            0
        ],
        "max": [
            124
        ],
        "mean": [
            62.0
        ],
        "std": [
            36.08323710533743
        ],
        "count": [
            3750
        ]
    },
    "task_index": {
        "min": [
            0
        ],
        "max": [
            0
        ],
        "mean": [
            0.0
        ],
        "std": [
            0.0
        ],
        "count": [
            3750
        ]
    },
    "index": {
        "min": [
            0
        ],
        "max": [
            3749
        ],
        "mean": [
            1874.5
        ],
        "std": [
            1082.5317162405297
        ],
        "count": [
            3750
        ]
    },
    "action": {
        "min": [
            -0.04762040451169014,
            0.0668426975607872,
            -0.03466049209237099,
            0.0258498378098011,
            -0.14530132710933685,
            -0.19283679127693176,
            -0.14677205681800842,
            0.00398933095857501,
            -0.033262718468904495,
            -0.31222617626190186,
            -0.3529573976993561,
            -0.7239298224449158,
            -0.20887017250061035,
            -0.5180515646934509,
            -0.40964165329933167,
            -0.8745570182800293,
            -0.2370614856481552,
            -0.1567915380001068,
            -0.3290737271308899,
            -0.08269517868757248,
            -0.1888781040906906,
            -0.22381354868412018,
            -0.035700298845767975,
            -0.8601905107498169,
            160.0,
            160.0,
            160.0,
            160.0,
            160.0,
            160.0,
            -30.0,
            160.0,
            160.0,
            160.0,
            160.0,
            160.0,
            160.0,
            160.0,
            -30.0,
            160.0
        ],
        "max": [
            0.0931488573551178,
            0.14815130829811096,
            0.1847570687532425,
            0.19649910926818848,
            -0.014492403715848923,
            -0.01105167530477047,
            -0.02694796212017536,
            0.2280491590499878,
            0.15124839544296265,
            -0.14396235346794128,
            0.13166190683841705,
            0.2163822203874588,
            0.2984677851200104,
            -0.013358359225094318,
            0.10392853617668152,
            0.14226588606834412,
            0.270489901304245,
            0.4963342249393463,
            0.22538235783576965,
            0.09851909428834915,
            0.07632831484079361,
            -0.05766347423195839,
            0.14557503163814545,
            0.6802310347557068,
            160.0,
            160.0,
            160.0,
            160.0,
            160.0,
            160.0,
            -30.0,
            160.0,
            160.0,
            160.0,
            160.0,
            160.0,
            160.0,
            160.0,
            -30.0,
            160.0
        ],
        "mean": [
            0.017097055562771857,
            0.09918266336123148,
            0.09665737599134445,
            0.07891030522684256,
            -0.08476135954260826,
            -0.08853688947856427,
            -0.08395070731639862,
            0.12663307189941406,
            0.035370922562045354,
            -0.2454394335548083,
            -0.11875931640776495,
            -0.08683354770764709,
            -0.07882906808517873,
            -0.2102411838869254,
            -0.11385144790013631,
            -0.1679956622654572,
            0.04370699861319736,
            0.04688647572572033,
            -0.09146266045669714,
            0.003341429397308578,
            -0.013503359269816429,
            -0.16710256437460583,
            0.09160787193104625,
            -0.005148502377172311,
            160.0,
            160.0,
            160.0,
            160.0,
            160.0,
            160.0,
            -30.0,
            160.0,
            160.0,
            160.0,
            160.0,
            160.0,
            160.0,
            160.0,
            -30.0,
            160.0
        ],
        "std": [
            0.024998462849492063,
            0.016622145282923995,
            0.03929633389512608,
            0.02864405499744882,
            0.028116708851733632,
            0.030855819359317294,
            0.023667841374680785,
            0.042273476686378306,
            0.03126295120077868,
            0.027622786212419873,
            0.09657724024255838,
            0.20643210875911214,
            0.06030015060063457,
            0.10236124907408845,
            0.08879479576579168,
            0.24071635234363806,
            0.06799644818662215,
            0.10191696758269805,
            0.10660138460292468,
            0.01791537799196369,
            0.020356881139922414,
            0.03977484682968698,
            0.03872351856550088,
            0.10297798209251789,
            0.0,
            0.0,
            0.0,
            0.0,
            0.0,
            0.0,
            0.0,
            0.0,
            0.0,
            0.0,
            0.0,
            0.0,
            0.0,
            0.0,
            0.0,
            0.0
        ],
        "count": [
            3750
        ]
    },
    "episode_index": {
        "min": [
            0
        ],
        "max": [
            29
        ],
        "mean": [
            14.5
        ],
        "std": [
            8.65544144839919
        ],
        "count": [
            3750
        ]
    },
    "observation.images.cam_left": {
        "min": [
            [
                [
                    0.0
                ]
            ],
            [
                [
                    0.0
                ]
            ],
            [
                [
                    0.0
                ]
            ]
        ],
        "max": [
            [
                [
                    1.0
                ]
            ],
            [
                [
                    1.0
                ]
            ],
            [
                [
                    1.0
                ]
            ]
        ],
        "mean": [
            [
                [
                    0.46656207938989
                ]
            ],
            [
                [
                    0.4683406372865041
                ]
            ],
            [
                [
                    0.47034655312697093
                ]
            ]
        ],
        "std": [
            [
                [
                    0.22787206244896288
                ]
            ],
            [
                [
                    0.23164702712915844
                ]
            ],
            [
                [
                    0.23131023314861202
                ]
            ]
        ],
        "count": [
            3000
        ]
    },
    "observation.images.cam_right": {
        "min": [
            [
                [
                    0.0
                ]
            ],
            [
                [
                    0.0
                ]
            ],
            [
                [
                    0.0
                ]
            ]
        ],
        "max": [
            [
                [
                    1.0
                ]
            ],
            [
                [
                    1.0
                ]
            ],
            [
                [
                    1.0
                ]
            ]
        ],
        "mean": [
            [
                [
                    0.38807561695575715
                ]
            ],
            [
                [
                    0.39150682191054026
                ]
            ],
            [
                [
                    0.39169893264770506
                ]
            ]
        ],