{
    "frame_index": {
        "min": [
            0
        ],
        "max": [
            24
        ],
        "mean": [
            12.0
        ],
        "std": [
            7.211102550927977
        ],
        "count": [
            20000
        ]
    },
    "observation.image": {
        "min": [
            [
                [
                    0.0
                ]
            ],
            [
                [
                    0.0
                ]
            ],
            [
                [
                    0.0
                ]
            ]
        ],
        "max": [
            [
                [
                    1.0
                ]
            ],
            [
                [
                    1.0
                ]
            ],
            [
                [
                    1.0
                ]
            ]
        ],
        "mean": [
            [
                [
                    0.4140019177645445
                ]
            ],
            [
                [
                    0.4120066812634468
                ]
            ],
            [
                [
                    0.40994695767760275
                ]
            ]
        ],
        "std": [
            [
                [
                    0.3740955684724167
                ]
            ],
            [
                [
                    0.37351346486244724
                ]
            ],
            [
                [
                    0.3736656911316324
                ]
            ]
        ],
        "count": [
            20000
        ]
    },
    "timestamp": {
        "min": [
            0.0
        ],
        "max": [
            1.600000023841858
        ],
        "mean": [
            0.800000011920929
        ],
        "std": [
            0.48074015974998474
        ],
        "count": [
            20000
        ]
    },
    "action": {
        "min": [
            -1.0,
            -1.0,
            -1.0
        ],
        "max": [
            1.0,
            1.0,
            1.0
        ],
        "mean": [
            0.0990423252668188,
            -0.015827468577838316,
            -0.0321451834290383
        ],
        "std": [
            0.4450868323002521,
            0.41755027795003263,
            0.39878875167410466
        ],
        "count": [
            20000
        ]
    },
    "index": {
        "min": [
            0
        ],
        "max": [
            19999
        ],
        "mean": [
            9999.5
        ],
        "std": [
            5773.502684679379
        ],
        "count": [
            20000
        ]
    },
    "observation.state": {
        "min": [
            1.1632075309753418,
            -0.041134968400001526,
            0.29520347714424133,
            0.0009158177999779582
        ],
        "max": [
            1.741089105606079,
            0.7649989724159241,
            1.2340127229690552,
            0.869105875492096
        ],
        "mean": [
            1.4525450530648232,
            0.26807436839211735,
            0.6109701866284013,
            0.839874983690679
        ],
        "std": [
            0.1323218134955474,
            0.11040184415139061,
            0.07991314329264959,
            0.029420466345767563
        ],
        "count": [
            20000
        ]
    },
    "next.done": {
        "min": [
            false
        ],
        "max": [
            true
        ],
        "mean": [
            0.04
        ],
        "std": [
            0.19595917942265423
        ],
        "count": [
            20000
        ]
    },
    "episode_index": {
        "min": [
            0
        ],
        "max": [
            799
        ],
        "mean": [
            399.5
        ],
        "std": [
            230.9399272538207
        ],
        "count": [
            20000
        ]
    },
    "next.reward": {
        "min": [
            -1.7463797330856323
        ],
        "max": [
            -0.050924453884363174
        ],
        "mean": [
            -0.4736441989988089
        ],
        "std": [
            0.2716114232595536
        ],
        "count": [
            20000
        ]
    },
    "task_index": {
        "min": [
            0
        ],
        "max": [
            0
        ],
        "mean": [
            0.0
        ],
        "std": [
            0.0
        ],
        "count": [
            20000
        ]
    }
}