{
    "timestamp": {
        "min": [
            0.0
        ],
        "max": [
            56.79999923706055
        ],
        "mean": [
            9.723378589937775
        ],
        "std": [
            7.603895082717206
        ],
        "count": [
            62613
        ]
    },
    "next.reward": {
        "min": [
            0.0
        ],
        "max": [
            1.0
        ],
        "mean": [
            0.006628016571363499
        ],
        "std": [
            0.08114238076261983
        ],
        "count": [
            62613
        ]
    },
    "task_index": {
        "min": [
            0
        ],
        "max": [
            31
        ],
        "mean": [
            11.068260584862568
        ],
        "std": [
            8.635241410604342
        ],
        "count": [
            62613
        ]
    },
    "observation.state": {
        "min": [
            -0.7464086413383484,
            -0.5774519443511963,
            -1.1099220514297485,
            -1.8152672052383423,
            -2.1454310417175293,
            -3.169050455093384,
            0.0,
            0.0
        ],
        "max": [
            0.9483258724212646,
            1.4428143501281738,
            1.2322325706481934,
            2.372770071029663,
            0.0008019324741326272,
            3.017007827758789,
            0.0,
            1.0
        ],
        "mean": [
            0.048736120034197604,
            0.3637737582330287,
            -0.18395265579756384,
            0.09262182827629821,
            -1.078816131321602,
            -0.06515191625360019,
            0.0,
            0.3007043266749445
        ],
        "std": [
            0.24543037593859066,
            0.2555605872211721,
            0.27421569935190915,
            0.3773210090117142,
            0.34700873253187525,
            0.6856999162739617,
            0.0,
            0.4585643184476861
        ],
        "count": [
            62613
        ]
    },
    "action": {
        "min": [
            -0.009999999776482582,
            -0.009999999776482582,
            -0.009999999776482582,
            -0.03490658476948738,
            -0.03490658476948738,
            -0.03490658476948738,
            0.0
        ],
        "max": [
            0.009999999776482582,
            0.009999999776482582,
            0.009999999776482582,
            0.03490658476948738,
            0.03490658476948738,
            0.03490658476948738,
            1.0
        ],
        "mean": [
            0.0007744398069917457,
            -0.0003123952000407676,
            -0.001500167498553192,
            -0.0007515065235509494,
            -0.00015832926906668234,
            0.00014327684447095067,
            0.6992956736552047
        ],
        "std": [
            0.0034073690728465,
            0.004991311354630132,
            0.005343799782281436,
            0.007601139669114632,
            0.004083122941681782,
            0.00856984399489829,
            0.45856432399850944
        ],
        "count": [
            62613
        ]
    },
    "next.done": {
        "min": [
            false
        ],
        "max": [
            true
        ],
        "mean": [
            0.006628016546084679
        ],
        "std": [
            0.08114238068204252
        ],
        "count": [
            62613
        ]
    },
    "observation.images.image": {
        "min": [
            [
                [
                    0.0
                ]
            ],
            [
                [
                    0.0
                ]
            ],
            [
                [
                    0.0
                ]
            ]
        ],
        "max": [
            [
                [
                    1.0
                ]
            ],
            [
                [
                    1.0
                ]
            ],
            [
                [
                    1.0
                ]
            ]
        ],
        "mean": [
            [
                [
                    0.3193229914794796
                ]
            ],
            [
                [
                    0.42019055024784546
                ]
            ],
            [
                [
                    0.28523570973499085
                ]
            ]
        ],
        "std": [
            [
                [
                    0.1974345696378459
                ]
            ],
            [
                [
                    0.1747548642792431
                ]
            ],
            [
                [
                    0.23148908802863016
                ]
            ]
        ],
        "count": [
            36701
        ]
    },
    "episode_index": {
        "min": [
            0
        ],
        "max": [
            414
        ],
        "mean": [
            208.908916678645
        ],
        "std": [
            121.27466525410468
        ],
        "count": [
            62613
        ]
    },
    "index": {
        "min": [
            0
        ],
        "max": [
            62612
        ],
        "mean": [
            31306.0
        ],
        "std": [
            18074.816200079786
        ],
        "count": [
            62613
        ]
    },
    "frame_index": {
        "min": [
            0
        ],
        "max": [
            568
        ],
        "mean": [
            97.2337853161484
        ],
        "std": [
            76.03894987975319
        ],
        "count": [
            62613
        ]
    },
    "observation.images.wrist_image": {
        "min": [
            [
                [
                    0.0
                ]
            ],
            [
                [
                    0.0
                ]
            ],
            [
                [
                    0.0
                ]
            ]
        ],
        "max": [
            [
                [
                    1.0
                ]
            ],
            [
                [
                    1.0
                ]
            ],
            [
                [
                    1.0
                ]
            ]
        ],
        "mean": [
            [
                [
                    0.4137212692008727
                ]
            ],
            [
                [
                    0.47848875206944885
                ]
            ],
            [
                [
                    0.31464786841977777
                ]
            ]
        ],
        "std": [
            [
                [
                    0.1894778332183194
                ]
            ],
            [
                [
                    0.17887050630471804
                ]
            ],
            [
                [
                    0.2685442000960297
                ]
            ]
        ],
        "count": [
            36701
        ]
    }
}