{
    "observation.images.cam_left": {
        "min": [
            [
                [
                    0.0
                ]
            ],
            [
                [
                    0.0
                ]
            ],
            [
                [
                    0.0
                ]
            ]
        ],
        "max": [
            [
                [
                    1.0
                ]
            ],
            [
                [
                    1.0
                ]
            ],
            [
                [
                    1.0
                ]
            ]
        ],
        "mean": [
            [
                [
                    0.43991927405198417
                ]
            ],
            [
                [
                    0.4464392691850662
                ]
            ],
            [
                [
                    0.44800955851872765
                ]
            ]
        ],
        "std": [
            [
                [
                    0.25100572911769203
                ]
            ],
            [
                [
                    0.24715360477743428
                ]
            ],
            [
                [
                    0.241238134556019
                ]
            ]
        ],
        "count": [
            3000
        ]
    },
    "action": {
        "min": [
            -0.06304515153169632,
            -0.07698053866624832,
            -0.01297804992645979,
            -0.033609237521886826,
            -0.1685420274734497,
            -0.17908920347690582,
            -0.11256680637598038,
            0.04167301580309868,
            0.052433740347623825,
            -0.3233836889266968,
            -0.3410801291465759,
            -0.9252078533172607,
            -0.133667454123497,
            -0.6758864521980286,
            -0.4243704676628113,
            -1.1622308492660522,
            -1.0117586851119995,
            -0.39317786693573,
            -0.34136664867401123,
            -0.06737086921930313,
            -0.046204689890146255,
            -0.2664489150047302,
            -0.03844056278467178,
            -0.13903720676898956,
            37.89722442626953,
            39.75672149658203,
            47.01420593261719,
            57.023216247558594,
            130.6233673095703,
            81.92311096191406,
            -46.70220947265625,
            0.0012186237145215273,
            21.48418617248535,
            25.06403350830078,
            35.40816879272461,
            67.53094482421875,
            143.68678283691406,
            42.313995361328125,
            -33.49483871459961,
            0.002836566651239991
        ],
        "max": [
            0.12279345095157623,
            0.10783439874649048,
            0.24788305163383484,
            0.1943741738796234,
            -0.0129686389118433,
            0.031851980835199356,
            0.06539063155651093,
            0.2105191946029663,
            0.24635034799575806,
            -0.04822614789009094,
            0.1256743222475052,
            0.3626476228237152,
            0.6761506795883179,
            0.3994472622871399,
            1.1563116312026978,
            0.34747540950775146,
            0.14496563374996185,
            0.8627784848213196,
            1.1211962699890137,
            0.06327399611473083,
            0.04633728787302971,
            -0.05499465763568878,
            0.16424018144607544,
            0.16592581570148468,
            178.21392822265625,
            178.6831512451172,
            177.80108642578125,
            173.2978057861328,
            179.9374542236328,
            135.66651916503906,
            61.65239715576172,
            0.1535542756319046,
            179.31988525390625,
            179.7294921875,
            178.9352264404297,
            173.64683532714844,
            179.53775024414062,
            91.80119323730469,
            80.45764923095703,
            0.14850008487701416
        ],
        "mean": [
            0.03727929067140172,
            0.009694652092949181,
            0.12290071119990695,
            0.0671419485283273,
            -0.09538192489555666,
            -0.08992048445926211,
            -0.011791116501028825,
            0.11707144709942224,
            0.15131814543392275,
            -0.22435537168196032,
            -0.12188562616653792,
            -0.1971576947432298,
            0.11804329868490723,
            -0.04364803884588703,
            0.06350403518083837,
            -0.251739601862708,
            -0.1489751238890409,
            0.154432325252703,
            0.06442675204152375,
            0.004393016831978661,
            -0.006119335761264869,
            -0.1490993978833402,
            0.0812147989125698,
            -0.007527839621997901,
            146.37654071087604,
            152.23736812351467,
            147.06743989957795,
            147.7415106713355,
            167.5543173409842,
            117.4234956861376,
            13.196093380034387,
            0.1055983366978752,
            146.94121876963368,
            144.8699824726665,
            142.04326053432652,
            144.00279913415443,
            164.46774612106643,
            65.84733736264955,
            7.973701522066877,
            0.08500472682860348
        ],
        "std": [
            0.05210889629482883,
            0.048695368913769514,
            0.054246321412821596,
            0.03868379365423485,
            0.038316257657697125,
            0.05056068111969092,
            0.03679563688244265,
            0.032251790310387655,
            0.03282768960605275,
            0.06853921593261952,
            0.09135676461268655,
            0.2446888942710003,
            0.16551532743975114,
            0.19372154946084802,
            0.2974660369086629,
            0.24558509799811276,
            0.17490713118573395,
            0.23785304784354558,
            0.27633637454691107,
            0.01339737105722516,
            0.00919102104874545,
            0.05956230696380958,
            0.05004616292429144,
            0.024493548232361717,
            27.86811253092243,
            31.73614936984395,
            29.52867713068892,
            25.768530831631463,
            7.2703483423773845,
            9.206091948050789,
            21.120440839646097,
            0.0459740400444445,
            34.05752715200749,
            34.909811510313325,
            32.08756142818408,
            26.963329154989843,
            6.744158328381015,
            8.230495153471589,
            23.160210260408103,
            0.03568990327452648
        ],
        "count": [
            7150
        ]
    },
    "episode_index": {
        "min": [
            0
        ],
        "max": [
            29
        ],
        "mean": [
            14.398601398601398
        ],
        "std": [
            8.660770698550168
        ],
        "count": [
            7150
        ]
    },
    "task_index": {
        "min": [
            0
        ],
        "max": [
            0
        ],
        "mean": [
            0.0
        ],
        "std": [
            0.0
        ],
        "count": [
            7150
        ]
    },
    "next.done": {
        "min": [
            false
        ],
        "max": [
            true
        ],
        "mean": [
            0.004195804195804196
        ],
        "std": [
            0.06463899305337814
        ],
        "count": [
            7150
        ]
    },