{
    "next.reward": {
        "min": [
            0.0
        ],
        "max": [
            1.0
        ],
        "mean": [
            0.046235138956393404
        ],
        "std": [
            0.20999392182063725
        ],
        "count": [
            1514
        ]
    },
    "index": {
        "min": [
            0
        ],
        "max": [
            1513
        ],
        "mean": [
            756.5
        ],
        "std": [
            437.0540584412871
        ],
        "count": [
            1514
        ]
    },
    "task_index": {
        "min": [
            0
        ],
        "max": [
            1
        ],
        "mean": [
            0.7859973579920739
        ],
        "std": [
            0.4101286520368377
        ],
        "count": [
            1514
        ]
    },
    "action": {
        "min": [
            0.22515828907489777,
            0.39066195487976074,
            0.16982898116111755,
            -3.140784740447998,
            -0.6856479644775391,
            -0.8757665157318115,
            0.0
        ],
        "max": [
            0.589240312576294,
            0.6479451656341553,
            0.4006447494029999,
            3.1407854557037354,
            1.1012287139892578,
            2.087430953979492,
            1.0
        ],
        "mean": [
            0.44905297097945623,
            0.5076668358148325,
            0.2676941028930237,
            1.2314959192842914,
            0.07844716106951138,
            0.09506853761660769,
            0.3376719227240297
        ],
        "std": [
            0.06452150634312384,
            0.041597703196074136,
            0.04892932178534576,
            2.709331809515996,
            0.3162087366525428,
            0.6942421506021376,
            0.46929735262679073
        ],
        "count": [
            1514
        ]
    },
    "episode_index": {
        "min": [
            0
        ],
        "max": [
            69
        ],
        "mean": [
            33.67437252311757
        ],
        "std": [
            19.06296432232472
        ],
        "count": [
            1514
        ]
    },
    "timestamp": {
        "min": [
            0.0
        ],
        "max": [
            4.300000190734863
        ],
        "mean": [
            1.523447775108496
        ],
        "std": [
            1.158005152266402
        ],
        "count": [
            1514
        ]
    },
    "next.done": {
        "min": [
            false
        ],
        "max": [
            true
        ],
        "mean": [
            0.046235138705416116
        ],
        "std": [
            0.20999393004157776
        ],
        "count": [
            1514
        ]
    },
    "frame_index": {
        "min": [
            0
        ],
        "max": [
            43
        ],
        "mean": [
            15.23447820343461
        ],
        "std": [
            11.580051637615522
        ],
        "count": [
            1514
        ]
    },
    "observation.images.image": {
        "min": [
            [
                [
                    0.0
                ]
            ],
            [
                [
                    0.0
                ]
            ],
            [
                [
                    0.0
                ]
            ]
        ],
        "max": [
            [
                [
                    1.0
                ]
            ],
            [
                [
                    1.0
                ]
            ],
            [
                [
                    1.0
                ]
            ]
        ],
        "mean": [
            [
                [
                    0.4910771169821526
                ]
            ],
            [
                [
                    0.5657677374868758
                ]
            ],
            [
                [
                    0.4900592515341042
                ]
            ]
        ],
        "std": [
            [
                [
                    0.3226632040111533
                ]
            ],
            [
                [
                    0.2530302170936534
                ]
            ],
            [
                [
                    0.30998725531619586
                ]
            ]
        ],
        "count": [
            1514
        ]
    },
    "observation.state": {
        "min": [
            0.22515828907489777,
            0.39066195487976074,
            0.16982898116111755,
            -3.140784740447998,
            -0.6856479644775391,
            -0.8757665157318115,
            0.0,
            0.0
        ],
        "max": [
            0.589240312576294,
            0.6479451656341553,
            0.4006447494029999,
            3.1407854557037354,
            1.1012287139892578,
            2.087430953979492,
            0.0,
            0.0
        ],
        "mean": [
            0.44905297097945623,
            0.5076668358148325,
            0.2676941028930237,
            1.2314959192842914,
            0.07844716106951138,
            0.09506853761660769,
            0.0,
            0.0
        ],
        "std": [
            0.06452150634312384,
            0.041597703196074136,
            0.04892932178534576,
            2.709331809515996,
            0.3162087366525428,
            0.6942421506021376,
            0.0,
            0.0
        ],
        "count": [
            1514
        ]
    }
}