{
    "observation.state": {
        "min": [
            -0.058291271328926086,
            -0.9710098505020142,
            0.8666991591453552,
            -0.05982525274157524,
            -0.9004467725753784,
            -0.0951068103313446,
            0.15168704092502594,
            -0.09357283264398575,
            -0.9679418802261353,
            0.21015536785125732,
            -0.06596117466688156,
            -1.0983302593231201,
            -0.02454369328916073,
            0.12692944705486298
        ],
        "max": [
            0.06596117466688156,
            -0.1395922601222992,
            1.2164467573165894,
            0.08897088468074799,
            0.699495255947113,
            0.029145635664463043,
            0.9999999403953552,
            0.07669904083013535,
            0.4801360070705414,
            1.1842331886291504,
            0.18867963552474976,
            0.323669970035553,
            0.18561168015003204,
            0.9999905228614807
        ],
        "mean": [
            -0.006527409461559728,
            -0.6764688324928284,
            1.1053526306152344,
            0.01133586248382926,
            -0.26082675516605375,
            -0.0051438409858383235,
            0.5401054859161377,
            0.0033986031520180406,
            -0.04598753016442061,
            0.7819350171089172,
            0.052652043476700786,
            -0.46574095010757444,
            0.0298879090603441,
            0.6252627658843994
        ],
        "std": [
            0.021432710636512153,
            0.26343949050943644,
            0.08576215183588996,
            0.021688916897825844,
            0.4203592363060474,
            0.010680181792495039,
            0.3580539867959094,
            0.037530644204531935,
            0.2883957118852741,
            0.19656527533228452,
            0.05258901325756977,
            0.45456525911338,
            0.03088483025925497,
            0.35141584782289553
        ],
        "count": [
            8750
        ]
    },
    "observation.images.cam_right_wrist": {
        "min": [
            [
                [
                    0.0
                ]
            ],
            [
                [
                    0.0
                ]
            ],
            [
                [
                    0.0
                ]
            ]
        ],
        "max": [
            [
                [
                    1.0
                ]
            ],
            [
                [
                    1.0
                ]
            ],
            [
                [
                    1.0
                ]
            ]
        ],
        "mean": [
            [
                [
                    0.40245126843452456
                ]
            ],
            [
                [
                    0.430301992893219
                ]
            ],
            [
                [
                    0.42569803953170776
                ]
            ]
        ],
        "std": [
            [
                [
                    0.2795591365733543
                ]
            ],
            [
                [
                    0.27497607547017233
                ]
            ],
            [
                [
                    0.2918015621211228
                ]
            ]
        ],
        "count": [
            2500
        ]
    },
    "observation.effort": {
        "min": [
            -594.489990234375,
            -688.6400146484375,
            -804.3099975585938,
            -61.87000274658203,
            -788.1700439453125,
            -67.25,
            -774.7200317382812,
            -282.45001220703125,
            -1484.8800048828125,
            -879.6300048828125,
            -123.74000549316406,
            -911.9100341796875,
            -51.11000061035156,
            -745.1300048828125
        ],
        "max": [
            156.02000427246094,
            390.0500183105469,
            -72.6300048828125,
            196.37001037597656,
            863.489990234375,
            78.01000213623047,
            653.6700439453125,
            629.4600219726562,
            632.1500244140625,
            43.040000915527344,
            312.0400085449219,
            252.86000061035156,
            91.45999908447266,
            664.4299926757812
        ],
        "mean": [
            -12.112987562417985,
            31.056744966506958,
            -401.8786328125,
            11.402835104465485,
            -142.4980563354492,
            3.744481189250946,
            -291.4319708251953,
            7.823753641843796,
            -462.9991442871094,
            -394.42779052734375,
            12.723549056053162,
            -92.31528503417968,
            1.9300370460748673,
            -208.07378356933594
        ],
        "std": [
            35.164744365209806,
            189.71019670896712,
            155.79015223241538,
            25.5470666179819,
            118.00456031377824,
            14.303617504674175,
            296.8180493867115,
            65.92424150777545,
            289.3676328705281,
            164.08502881150895,
            37.03667964452333,
            96.7158257216099,
            7.529345216265644,
            286.04407974502794
        ],
        "count": [
            8750
        ]
    },
    "frame_index": {
        "min": [
            0
        ],
        "max": [
            349
        ],
        "mean": [
            174.5
        ],
        "std": [
            101.03588471429346
        ],
        "count": [
            8750
        ]
    },
    "index": {
        "min": [
            0
        ],
        "max": [
            8749
        ],
        "mean": [
            4374.5
        ],
        "std": [
            2525.9074112088906
        ],
        "count": [
            8750
        ]
    },
    "timestamp": {
        "min": [
            0.0
        ],
        "max": [
            6.980000019073486
        ],
        "mean": [
            3.490000009536743
        ],
        "std": [
            2.0207176208496094
        ],
        "count": [
            8750
        ]
    },
    "next.done": {
        "min": [
            false
        ],
        "max": [
            true
        ],
        "mean": [
            0.002857142857142857
        ],
        "std": [
            0.05337583340648401
        ],
        "count": [
            8750
        ]
    },
    "task_index": {
        "min": [
            0
        ],
        "max": [
            0
        ],
        "mean": [
            0.0
        ],
        "std": [
            0.0
        ],
        "count": [
            8750
        ]
    },
    "action": {
        "min": [
            -0.05982525274157524,
            -0.9664078950881958,
            0.8452234268188477,
            -0.06289321184158325,
            -0.9111846089363098,
            -0.10431069880723953,
            -0.04397515580058098,
            -0.0951068103313446,
            -0.9495341181755066,
            0.19941750168800354,
            -0.06902913749217987,
            -1.1090681552886963,
            -0.030679617077112198,
            -0.058412663638591766
        ],
        "max": [
            0.06749515980482101,
            -0.14419420063495636,
            1.2057089805603027,
            0.09357283264398575,
            0.6979612708091736,
            0.030679617077112198,
            1.0532722473144531,
            0.07976700365543365,
            0.46786415576934814,
            1.1734952926635742,
            0.19174760580062866,
            0.3267379105091095,
            0.1871456652879715,
            1.038834810256958
        ],