{
    "frame_index": {
        "min": [
            0
        ],
        "max": [
            9
        ],
        "mean": [
            4.5
        ],
        "std": [
            2.8722813232690143
        ],
        "count": [
            1990
        ]
    },
    "observation.state": {
        "min": [
            0.0,
            0.0,
            0.0,
            0.0,
            0.0,
            0.0,
            0.0,
            0.0
        ],
        "max": [
            0.0,
            0.0,
            0.0,
            0.0,
            0.0,
            0.0,
            0.0,
            0.0
        ],
        "mean": [
            0.0,
            0.0,
            0.0,
            0.0,
            0.0,
            0.0,
            0.0,
            0.0
        ],
        "std": [
            0.0,
            0.0,
            0.0,
            0.0,
            0.0,
            0.0,
            0.0,
            0.0
        ],
        "count": [
            1990
        ]
    },
    "episode_index": {
        "min": [
            0
        ],
        "max": [
            198
        ],
        "mean": [
            99.0
        ],
        "std": [
            57.445626465380286
        ],
        "count": [
            1990
        ]
    },
    "next.reward": {
        "min": [
            0.0
        ],
        "max": [
            0.9728503227233887
        ],
        "mean": [
            0.1756869615172621
        ],
        "std": [
            0.24051834117068566
        ],
        "count": [
            1990
        ]
    },
    "timestamp": {
        "min": [
            0.0
        ],
        "max": [
            0.8999999761581421
        ],
        "mean": [
            0.44999995827674866
        ],
        "std": [
            0.287228137254715
        ],
        "count": [
            1990
        ]
    },
    "observation.images.image": {
        "min": [
            [
                [
                    0.0
                ]
            ],
            [
                [
                    0.0
                ]
            ],
            [
                [
                    0.0
                ]
            ]
        ],
        "max": [
            [
                [
                    1.0
                ]
            ],
            [
                [
                    1.0
                ]
            ],
            [
                [
                    1.0
                ]
            ]
        ],
        "mean": [
            [
                [
                    0.4348437467112613
                ]
            ],
            [
                [
                    0.4217894692816327
                ]
            ],
            [
                [
                    0.4135820124317054
                ]
            ]
        ],
        "std": [
            [
                [
                    0.18919882767603388
                ]
            ],
            [
                [
                    0.18446903159502473
                ]
            ],
            [
                [
                    0.18964954861633576
                ]
            ]
        ],
        "count": [
            1990
        ]
    },
    "action": {
        "min": [
            -0.1463591456413269,
            -0.4534304141998291,
            -0.3293706774711609,
            -0.2900730073451996,
            -0.48279625177383423,
            -6.289149761199951,
            0.0
        ],
        "max": [
            0.4725336730480194,
            0.3901922404766083,
            0.10486119985580444,
            0.9421265721321106,
            0.5169905424118042,
            6.256486415863037,
            1.0
        ],
        "mean": [
            0.023629572524761677,
            0.00516150141106778,
            -0.015222266286140046,
            0.04188227292601295,
            0.004676356666031687,
            0.09881122566405075,
            0.30000001192092896
        ],
        "std": [
            0.11304977362149005,
            0.11631358607879845,
            0.07852675133770415,
            0.1995718401557773,
            0.09077262583107265,
            1.025725845978116,
            0.4582575559616077
        ],
        "count": [
            1990
        ]
    },
    "task_index": {
        "min": [
            0
        ],
        "max": [
            2
        ],
        "mean": [
            1.0
        ],
        "std": [
            0.8681986202598491
        ],
        "count": [
            1990
        ]
    },
    "index": {
        "min": [
            0
        ],
        "max": [
            1989
        ],
        "mean": [
            994.5
        ],
        "std": [
            574.4634453122322
        ],
        "count": [
            1990
        ]
    },
    "next.done": {
        "min": [
            false
        ],
        "max": [
            true
        ],
        "mean": [
            0.1
        ],
        "std": [
            0.30000000000000004
        ],
        "count": [
            1990
        ]
    },
    "observation.images.highres_image": {
        "min": [
            [
                [
                    0.0
                ]
            ],
            [
                [
                    0.0
                ]
            ],
            [
                [
                    0.0
                ]
            ]
        ],
        "max": [
            [
                [
                    1.0
                ]
            ],
            [
                [
                    1.0
                ]
            ],
            [
                [
                    1.0
                ]
            ]
        ],
        "mean": [
            [
                [
                    0.43452375408393057
                ]
            ],
            [
                [
                    0.4218579675983544
                ]
            ],
            [
                [
                    0.41314991964167685
                ]
            ]
        ],
        "std": [
            [
                [
                    0.1971000605444334
                ]
            ],
            [
                [
                    0.19024703964156392
                ]
            ],
            [
                [
                    0.19333578188118072
                ]
            ]
        ],
        "count": [
            1990
        ]
    }
}