{
    "episode_index": {
        "min": [
            0
        ],
        "max": [
            49
        ],
        "mean": [
            24.5
        ],
        "std": [
            14.430869689661812
        ],
        "count": [
            55000
        ]
    },
    "observation.state": {
        "min": [
            -0.8559613227844238,
            -1.0431069135665894,
            -0.5138835906982422,
            -0.26384469866752625,
            -1.7717478275299072,
            -1.9481556415557861,
            -0.019417209550738335,
            -0.4218447208404541,
            -1.04157292842865,
            -0.5599030256271362,
            -0.27765053510665894,
            -0.6151263117790222,
            -0.3911651074886322,
            -0.0005283592035993934
        ],
        "max": [
            0.5936505794525146,
            1.2870099544525146,
            1.3192235231399536,
            1.0538448095321655,
            0.9418642520904541,
            0.7409127354621887,
            0.9999957084655762,
            0.41724279522895813,
            0.6918253302574158,
            1.303883671760559,
            0.424912691116333,
            0.5322913527488708,
            0.44025251269340515,
            0.9999999403953552
        ],
        "mean": [
            -0.3982054030895233,
            0.5067070007324219,
            0.7036851537227631,
            0.39580807238817217,
            -0.9252106237411499,
            -1.2260280299186705,
            0.34946574121713636,
            0.04202372335479595,
            -0.5085717096924782,
            0.9011848390102386,
            -0.024370969019364565,
            -0.20587490819394588,
            0.08379943637177348,
            0.16875702291727065
        ],
        "std": [
            0.2909120723935783,
            0.49716060763434605,
            0.29617868723854396,
            0.2321534688577686,
            0.7861115693069048,
            0.5794659817578688,
            0.34996569653022785,
            0.08643944614717271,
            0.49995665351031654,
            0.4029166475766426,
            0.07548140012178693,
            0.1401269080330731,
            0.09118035396225879,
            0.320048734572105
        ],
        "count": [
            55000
        ]
    },
    "timestamp": {
        "min": [
            0.0
        ],
        "max": [
            21.979999542236328
        ],
        "mean": [
            10.989999771118164
        ],
        "std": [
            6.3508501052856445
        ],
        "count": [
            55000
        ]
    },
    "index": {
        "min": [
            0
        ],
        "max": [
            54999
        ],
        "mean": [
            27499.5
        ],
        "std": [
            15877.13240009039
        ],
        "count": [
            55000
        ]
    },
    "task_index": {
        "min": [
            0
        ],
        "max": [
            0
        ],
        "mean": [
            0.0
        ],
        "std": [
            0.0
        ],
        "count": [
            55000
        ]
    },
    "observation.images.cam_high": {
        "min": [
            [
                [
                    0.0
                ]
            ],
            [
                [
                    0.0
                ]
            ],
            [
                [
                    0.0
                ]
            ]
        ],
        "max": [
            [
                [
                    1.0
                ]
            ],
            [
                [
                    1.0
                ]
            ],
            [
                [
                    1.0
                ]
            ]
        ],
        "mean": [
            [
                [
                    0.41718129098415374
                ]
            ],
            [
                [
                    0.42808809578418733
                ]
            ],
            [
                [
                    0.43887752532958985
                ]
            ]
        ],
        "std": [
            [
                [
                    0.2401702405027861
                ]
            ],
            [
                [
                    0.24523287264792565
                ]
            ],
            [
                [
                    0.26164584054422113
                ]
            ]
        ],
        "count": [
            9550
        ]
    },
    "observation.images.cam_left_wrist": {
        "min": [
            [
                [
                    0.0
                ]
            ],
            [
                [
                    0.0
                ]
            ],
            [
                [
                    0.0
                ]
            ]
        ],
        "max": [
            [
                [
                    1.0
                ]
            ],
            [
                [
                    1.0
                ]
            ],
            [
                [
                    1.0
                ]
            ]
        ],
        "mean": [
            [
                [
                    0.42872591376304625
                ]
            ],
            [
                [
                    0.4334815716743469
                ]
            ],
            [
                [
                    0.437305691242218
                ]
            ]
        ],
        "std": [
            [
                [
                    0.22337089564605098
                ]
            ],
            [
                [
                    0.22338488602038645
                ]
            ],
            [
                [
                    0.22677275440152814
                ]
            ]
        ],
        "count": [
            9550
        ]
    },
    "next.done": {
        "min": [
            false
        ],
        "max": [
            true
        ],
        "mean": [
            0.0009090909090909091
        ],
        "std": [
            0.03013742628045596
        ],
        "count": [
            55000
        ]
    },
    "frame_index": {
        "min": [
            0
        ],
        "max": [
            1099
        ],
        "mean": [
            549.5
        ],
        "std": [
            317.54251683829676
        ],
        "count": [
            55000
        ]
    },
    "action": {
        "min": [
            -0.8528933525085449,
            -1.04157292842865,
            -0.6810874938964844,
            -0.2730485796928406,
            -1.8024275302886963,
            -1.9435536861419678,
            -0.17571713030338287,
            -0.4080389142036438,
            -1.0385050773620605,
            -0.5921165943145752,
            -0.2791845202445984,
            -0.6258642077445984,
            -0.39576706290245056,
            -0.15767024457454681
        ],
        "max": [
            0.5951845645904541,
            1.3637089729309082,
            1.3130875825881958,
            1.0661166906356812,
            0.9526020884513855,
            0.7393787503242493,
            1.134482979774475,
            0.4157088100910187,
            0.6672816872596741,
            1.2931458950042725,
            0.46019425988197327,
            0.5414952039718628,
            0.4387185275554657,
            1.1380923986434937
        ],
        "mean": [
            -0.39842495054006577,
            0.479555516242981,
            0.6885729902982711,
            0.4000640726089478,
            -0.9336868810653687,
            -1.2185235977172852,
            0.24623385429382325,
            0.04210740797861945,
            -0.5128734999895096,
            0.8830251145362854,
            -0.024235510386060925,
            -0.2116373387724161,
            0.08433454310521483,
            0.1876509103178978
        ],