{
    "action": {
        "max": [
            511.0,
            511.0
        ],
        "mean": [
            228.23960876464844,
            293.98907470703125
        ],
        "min": [
            12.0,
            25.0
        ],
        "std": [
            101.59956359863281,
            96.039306640625
        ]
    },
    "episode_index": {
        "max": [
            205.0
        ],
        "mean": [
            104.13236999511719
        ],
        "min": [
            0.0
        ],
        "std": [
            60.34682846069336
        ]
    },
    "frame_index": {
        "max": [
            245.0
        ],
        "mean": [
            66.84294128417969
        ],
        "min": [
            0.0
        ],
        "std": [
            44.10651779174805
        ]
    },
    "index": {
        "max": [
            25649.0
        ],
        "mean": [
            12824.5078125
        ],
        "min": [
            0.0
        ],
        "std": [
            7404.51708984375
        ]
    },
    "next.done": {
        "max": [
            1.0
        ],
        "mean": [
            0.01606237329542637
        ],
        "min": [
            0.0
        ],
        "std": [
            0.125715434551239
        ]
    },
    "next.reward": {
        "max": [
            0.9488797187805176
        ],
        "mean": [
            0.2914401888847351
        ],
        "min": [
            0.0
        ],
        "std": [
            0.2778571546077728
        ]
    },
    "next.success": {
        "max": [
            0.0
        ],
        "mean": [
            0.0
        ],
        "min": [
            0.0
        ],
        "std": [
            0.0
        ]
    },
    "observation.environment_state": {
        "max": [
            460.5679931640625,
            518.9486083984375,
            463.8342590332031,
            508.33477783203125,
            458.1662292480469,
            497.179931640625,
            455.484619140625,
            500.42596435546875,
            410.9046325683594,
            465.0966796875,
            413.494140625,
            463.5556945800781,
            475.03448486328125,
            515.6803588867188,
            465.9964294433594,
            519.2525024414062
        ],
        "mean": [
            218.38829040527344,
            247.69100952148438,
            274.6039123535156,
            297.0333251953125,
            262.2683410644531,
            311.087158203125,
            206.05284118652344,
            261.7447204589844,
            227.1336669921875,
            280.2481384277344,
            241.18748474121094,
            292.5839538574219,
            204.18081665039062,
            334.7457275390625,
            190.12710571289062,
            322.409912109375
        ],
        "min": [
            23.20431137084961,
            71.26422882080078,
            46.53013610839844,
            83.04842376708984,
            60.46925354003906,
            93.22189331054688,
            41.99690628051758,
            91.21360778808594,
            73.79930877685547,
            124.8223876953125,
            90.75564575195312,
            134.00694274902344,
            14.905817031860352,
            69.98491668701172,
            14.915538787841797,
            69.94859313964844
        ],
        "std": [
            71.69281005859375,
            76.92912292480469,
            71.6933822631836,
            71.0345230102539,
            68.46741485595703,
            67.2068099975586,
            70.49401092529297,
            71.4649658203125,
            62.205379486083984,
            61.77690505981445,
            61.63687515258789,
            60.570343017578125,
            78.62381744384766,
            70.3287353515625,
            80.39519500732422,
            69.87469482421875
        ]
    },
    "observation.state": {
        "max": [
            496.14617919921875,
            510.9578857421875
        ],
        "mean": [
            229.11102294921875,
            293.31097412109375
        ],
        "min": [
            13.45642375946045,
            32.93829345703125
        ],
        "std": [
            101.8547134399414,
            96.48946380615234
        ]
    },
    "timestamp": {
        "max": [
            24.5
        ],
        "mean": [
            6.684300422668457
        ],
        "min": [
            0.0
        ],
        "std": [
            4.4106526374816895
        ]
    }
}