{
    "action": {
        "min": [
            -1.0,
            -1.0,
            -1.0,
            -1.0
        ],
        "max": [
            1.0,
            1.0,
            1.0,
            1.0
        ],
        "mean": [
            0.2732497240317753,
            -0.147837824737544,
            -0.15354306193039519,
            -0.23991719872050454
        ],
        "std": [
            0.6311956616377647,
            0.6673164950639319,
            0.6527542647306603,
            0.6537102833301446
        ],
        "count": [
            20000
        ]
    },
    "index": {
        "min": [
            0
        ],
        "max": [
            19999
        ],
        "mean": [
            9999.5
        ],
        "std": [
            5773.502684679379
        ],
        "count": [
            20000
        ]
    },
    "next.done": {
        "min": [
            false
        ],
        "max": [
            true
        ],
        "mean": [
            0.04
        ],
        "std": [
            0.19595917942265423
        ],
        "count": [
            20000
        ]
    },
    "task_index": {
        "min": [
            0
        ],
        "max": [
            0
        ],
        "mean": [
            0.0
        ],
        "std": [
            0.0
        ],
        "count": [
            20000
        ]
    },
    "timestamp": {
        "min": [
            0.0
        ],
        "max": [
            1.600000023841858
        ],
        "mean": [
            0.800000011920929
        ],
        "std": [
            0.48074015974998474
        ],
        "count": [
            20000
        ]
    },
    "observation.image": {
        "min": [
            [
                [
                    0.0
                ]
            ],
            [
                [
                    0.0
                ]
            ],
            [
                [
                    0.0
                ]
            ]
        ],
        "max": [
            [
                [
                    1.0
                ]
            ],
            [
                [
                    1.0
                ]
            ],
            [
                [
                    1.0
                ]
            ]
        ],
        "mean": [
            [
                [
                    0.4265073883906007
                ]
            ],
            [
                [
                    0.4279170930758119
                ]
            ],
            [
                [
                    0.4264270493760705
                ]
            ]
        ],
        "std": [
            [
                [
                    0.3618213247496044
                ]
            ],
            [
                [
                    0.35991730567266733
                ]
            ],
            [
                [
                    0.36046820128760615
                ]
            ]
        ],
        "count": [
            20000
        ]
    },
    "frame_index": {
        "min": [
            0
        ],
        "max": [
            24
        ],
        "mean": [
            12.0
        ],
        "std": [
            7.211102550927977
        ],
        "count": [
            20000
        ]
    },
    "observation.state": {
        "min": [
            1.1947884559631348,
            -0.06089862808585167,
            0.4966641366481781,
            -0.07857947051525116
        ],
        "max": [
            1.7790017127990723,
            0.5063714981079102,
            0.8753101229667664,
            0.9008839726448059
        ],
        "mean": [
            1.5770693792402743,
            0.154061551890336,
            0.5819373818486929,
            0.20420161692883995
        ],
        "std": [
            0.12712363685873548,
            0.10913009345016537,
            0.048124533034778934,
            0.31362801429819465
        ],
        "count": [
            20000
        ]
    },
    "episode_index": {
        "min": [
            0
        ],
        "max": [
            799
        ],
        "mean": [
            399.5
        ],
        "std": [
            230.9399272538207
        ],
        "count": [
            20000
        ]
    },
    "next.reward": {
        "min": [
            -0.05268063023686409
        ],
        "max": [
            1.43230140209198
        ],
        "mean": [
            0.6170959364628652
        ],
        "std": [
            0.5452442306943669
        ],
        "count": [
            20000
        ]
    }
}