{
    "frame_index": {
        "min": [
            0
        ],
        "max": [
            24
        ],
        "mean": [
            12.0
        ],
        "std": [
            7.211102550927977
        ],
        "count": [
            20000
        ]
    },
    "next.reward": {
        "min": [
            -1.7147358655929565
        ],
        "max": [
            -0.04307897761464119
        ],
        "mean": [
            -0.1922904162760824
        ],
        "std": [
            0.20064071769124775
        ],
        "count": [
            20000
        ]
    },
    "index": {
        "min": [
            0
        ],
        "max": [
            19999
        ],
        "mean": [
            9999.5
        ],
        "std": [
            5773.502684679379
        ],
        "count": [
            20000
        ]
    },
    "next.done": {
        "min": [
            false
        ],
        "max": [
            true
        ],
        "mean": [
            0.04
        ],
        "std": [
            0.19595917942265423
        ],
        "count": [
            20000
        ]
    },
    "observation.image": {
        "min": [
            [
                [
                    0.0
                ]
            ],
            [
                [
                    0.0
                ]
            ],
            [
                [
                    0.0
                ]
            ]
        ],
        "max": [
            [
                [
                    1.0
                ]
            ],
            [
                [
                    1.0
                ]
            ],
            [
                [
                    1.0
                ]
            ]
        ],
        "mean": [
            [
                [
                    0.42362131614238024
                ]
            ],
            [
                [
                    0.4214645235612988
                ]
            ],
            [
                [
                    0.41986519142985346
                ]
            ]
        ],
        "std": [
            [
                [
                    0.3728425874950277
                ]
            ],
            [
                [
                    0.3721553065675086
                ]
            ],
            [
                [
                    0.37247616835424213
                ]
            ]
        ],
        "count": [
            20000
        ]
    },
    "timestamp": {
        "min": [
            0.0
        ],
        "max": [
            1.600000023841858
        ],
        "mean": [
            0.800000011920929
        ],
        "std": [
            0.48074015974998474
        ],
        "count": [
            20000
        ]
    },
    "episode_index": {
        "min": [
            0
        ],
        "max": [
            799
        ],
        "mean": [
            399.5
        ],
        "std": [
            230.9399272538207
        ],
        "count": [
            20000
        ]
    },
    "task_index": {
        "min": [
            0
        ],
        "max": [
            0
        ],
        "mean": [
            0.0
        ],
        "std": [
            0.0
        ],
        "count": [
            20000
        ]
    },
    "observation.state": {
        "min": [
            1.2351003885269165,
            0.04255754500627518,
            0.516390323638916,
            -1.7636886695981957e-05
        ],
        "max": [
            1.6805479526519775,
            0.42567697167396545,
            0.6591240167617798,
            0.8653889298439026
        ],
        "mean": [
            1.503063221126795,
            0.22046101266518237,
            0.574093464538455,
            0.8418428883329034
        ],
        "std": [
            0.08687737052982158,
            0.05320217746380797,
            0.016131381178440138,
            0.029880354193708825
        ],
        "count": [
            20000
        ]
    },
    "action": {
        "min": [
            -0.697060227394104,
            -0.9999989867210388,
            -0.9999989867210388
        ],
        "max": [
            0.9999989867210388,
            0.9999989867210388,
            0.513821542263031
        ],
        "mean": [
            0.11332955871708691,
            -0.04052082855458138,
            -0.015275029007302692
        ],
        "std": [
            0.2652563587827706,
            0.18313021675787422,
            0.10215349683493342
        ],
        "count": [
            20000
        ]
    }
}