{
    "observation.images.cam_left_wrist": {
        "min": [
            [
                [
                    0.0
                ]
            ],
            [
                [
                    0.0
                ]
            ],
            [
                [
                    0.0
                ]
            ]
        ],
        "max": [
            [
                [
                    1.0
                ]
            ],
            [
                [
                    1.0
                ]
            ],
            [
                [
                    1.0
                ]
            ]
        ],
        "mean": [
            [
                [
                    0.47754872441291807
                ]
            ],
            [
                [
                    0.4859747052192688
                ]
            ],
            [
                [
                    0.49163551926612853
                ]
            ]
        ],
        "std": [
            [
                [
                    0.2560038803788949
                ]
            ],
            [
                [
                    0.25315081987873367
                ]
            ],
            [
                [
                    0.25156611966755166
                ]
            ]
        ],
        "count": [
            1210
        ]
    },
    "task_index": {
        "min": [
            0
        ],
        "max": [
            0
        ],
        "mean": [
            0.0
        ],
        "std": [
            0.0
        ],
        "count": [
            6000
        ]
    },
    "observation.images.cam_high": {
        "min": [
            [
                [
                    0.0
                ]
            ],
            [
                [
                    0.0
                ]
            ],
            [
                [
                    0.0
                ]
            ]
        ],
        "max": [
            [
                [
                    1.0
                ]
            ],
            [
                [
                    1.0
                ]
            ],
            [
                [
                    1.0
                ]
            ]
        ],
        "mean": [
            [
                [
                    0.42075005173683167
                ]
            ],
            [
                [
                    0.42525466084480285
                ]
            ],
            [
                [
                    0.4350921481847763
                ]
            ]
        ],
        "std": [
            [
                [
                    0.1981119313596691
                ]
            ],
            [
                [
                    0.19290546334186745
                ]
            ],
            [
                [
                    0.18975541956682773
                ]
            ]
        ],
        "count": [
            1210
        ]
    },
    "observation.images.cam_right_wrist": {
        "min": [
            [
                [
                    0.0
                ]
            ],
            [
                [
                    0.0
                ]
            ],
            [
                [
                    0.0
                ]
            ]
        ],
        "max": [
            [
                [
                    1.0
                ]
            ],
            [
                [
                    1.0
                ]
            ],
            [
                [
                    1.0
                ]
            ]
        ],
        "mean": [
            [
                [
                    0.4587009817361832
                ]
            ],
            [
                [
                    0.4736164271831512
                ]
            ],
            [
                [
                    0.481560605764389
                ]
            ]
        ],
        "std": [
            [
                [
                    0.23935030847279284
                ]
            ],
            [
                [
                    0.23523044212906707
                ]
            ],
            [
                [
                    0.23224949570793865
                ]
            ]
        ],
        "count": [
            1210
        ]
    },
    "episode_index": {
        "min": [
            0
        ],
        "max": [
            9
        ],
        "mean": [
            4.5
        ],
        "std": [
            2.8722813232690143
        ],
        "count": [
            6000
        ]
    },
    "frame_index": {
        "min": [
            0
        ],
        "max": [
            599
        ],
        "mean": [
            299.5
        ],
        "std": [
            173.2048401941085
        ],
        "count": [
            6000
        ]
    },
    "next.done": {
        "min": [
            false
        ],
        "max": [
            true
        ],
        "mean": [
            0.0016666666666666668
        ],
        "std": [
            0.04079079416840139
        ],
        "count": [
            6000
        ]
    },
    "index": {
        "min": [
            0
        ],
        "max": [
            5999
        ],
        "mean": [
            2999.5
        ],
        "std": [
            1732.050783512616
        ],
        "count": [
            6000
        ]
    },
    "timestamp": {
        "min": [
            0.0
        ],
        "max": [
            11.979999542236328
        ],
        "mean": [
            5.989999771118164
        ],
        "std": [
            3.464096784591675
        ],
        "count": [
            6000
        ]
    },
    "observation.effort": {
        "min": [
            -449.2300109863281,
            -1312.719970703125,
            -866.1799926757812,
            -519.1699829101562,
            -468.05999755859375,
            -239.41000366210938,
            -1100.2100830078125,
            -602.5599975585938,
            -1737.739990234375,
            -919.9800415039062,
            -301.2799987792969,
            -462.6800231933594,
            -145.260009765625,
            -1132.489990234375
        ],
        "max": [
            901.1500244140625,
            400.80999755859375,
            247.48001098632812,
            169.47000122070312,
            258.239990234375,
            164.08999633789062,
            944.1900024414062,
            2611.989990234375,
            328.17999267578125,
            -102.22000122070312,
            379.2900085449219,
            91.45999908447266,
            572.9700317382812,
            965.7100219726562
        ],
        "mean": [
            12.800374388694763,
            -241.58843612670898,
            -461.57224426269534,
            3.7059215918183326,
            -180.59813842773437,
            -8.891791391372681,
            -68.02058629989624,
            -14.899891144037246,
            -307.62610015869143,
            -573.2762451171875,
            5.284054374694824,
            -195.54149627685547,
            7.042876434326172,
            -446.60828094482423
        ],
        "std": [
            83.44104825319378,
            212.4163023985004,
            159.79676360543456,
            26.324647566262268,
            71.4395312432741,
            22.586262079436786,
            151.80597107846899,
            196.92288980422566,
            209.68467936541447,
            164.665898915806,
            29.24181578485714,
            93.17403540956339,
            34.9999669672098,
            259.16696039622184
        ],
        "count": [
            6000
        ]
    },