{
    "observation.images.cam_right_wrist": {
        "min": [
            [
                [
                    0.0
                ]
            ],
            [
                [
                    0.0
                ]
            ],
            [
                [
                    0.0
                ]
            ]
        ],
        "max": [
            [
                [
                    1.0
                ]
            ],
            [
                [
                    1.0
                ]
            ],
            [
                [
                    1.0
                ]
            ]
        ],
        "mean": [
            [
                [
                    0.43252066493034363
                ]
            ],
            [
                [
                    0.43988191843032837
                ]
            ],
            [
                [
                    0.44293440103530884
                ]
            ]
        ],
        "std": [
            [
                [
                    0.25182365127970324
                ]
            ],
            [
                [
                    0.24906155682364292
                ]
            ],
            [
                [
                    0.24591516650832548
                ]
            ]
        ],
        "count": [
            9550
        ]
    },
    "task_index": {
        "min": [
            0
        ],
        "max": [
            0
        ],
        "mean": [
            0.0
        ],
        "std": [
            0.0
        ],
        "count": [
            55000
        ]
    },
    "timestamp": {
        "min": [
            0.0
        ],
        "max": [
            21.979999542236328
        ],
        "mean": [
            10.989999771118164
        ],
        "std": [
            6.3508501052856445
        ],
        "count": [
            55000
        ]
    },
    "action": {
        "min": [
            -0.30066025257110596,
            -0.9556700587272644,
            0.10737866163253784,
            -0.7194370031356812,
            -0.9157865643501282,
            -1.2977477312088013,
            0.06495892256498337,
            -0.6810874938964844,
            -0.9587380290031433,
            0.2899223864078522,
            -0.9618059992790222,
            -1.0216312408447266,
            -0.03834952041506767,
            -0.05250456556677818
        ],
        "max": [
            0.22396120429039001,
            0.37582531571388245,
            1.291611909866333,
            1.2716701030731201,
            0.8835729360580444,
            1.398990511894226,
            0.8856580257415771,
            0.26691266894340515,
            0.3206019997596741,
            1.3805826902389526,
            0.4494563937187195,
            0.39576706290245056,
            1.1060001850128174,
            0.5904536247253418
        ],
        "mean": [
            -0.059414676233427596,
            -0.31331234842538835,
            0.7645045638084411,
            0.5004465320706367,
            0.03715440990868956,
            -0.33197885029017926,
            0.5272224581241608,
            -0.3021828404068947,
            -0.29683096319437025,
            0.8584369599819184,
            0.013138194716302678,
            -0.3708305916190147,
            0.3741233032941818,
            0.13350605435669421
        ],
        "std": [
            0.08010485201058531,
            0.2921235342961609,
            0.24575069360970908,
            0.4832257379291941,
            0.2994982424452298,
            0.48354949182874196,
            0.21360358286197695,
            0.257712102516187,
            0.25308467990117356,
            0.2087909923918044,
            0.16189368835022894,
            0.3139646247407359,
            0.3060352066307608,
            0.15845836649367326
        ],
        "count": [
            55000
        ]
    },
    "next.done": {
        "min": [
            false
        ],
        "max": [
            true
        ],
        "mean": [
            0.0009090909090909091
        ],
        "std": [
            0.03013742628045596
        ],
        "count": [
            55000
        ]
    },
    "observation.state": {
        "min": [
            -0.29759228229522705,
            -0.9679418802261353,
            0.13499031960964203,
            -0.7209709882736206,
            -0.9004467725753784,
            -1.2962137460708618,
            0.013035709038376808,
            -0.6749515533447266,
            -0.9694758653640747,
            0.31753402948379517,
            -0.9618059992790222,
            -1.0124273300170898,
            -0.03834952041506767,
            -0.017222575843334198
        ],
        "max": [
            0.2178252786397934,
            0.39576706290245056,
            1.303883671760559,
            1.2670681476593018,
            0.8835729360580444,
            1.402058482170105,
            0.950255274772644,
            0.26077672839164734,
            0.3374757766723633,
            1.3913205862045288,
            0.44792240858078003,
            0.3911651074886322,
            1.1075341701507568,
            0.6521527767181396
        ],
        "mean": [
            -0.060908981962129474,
            -0.300415335893631,
            0.7823283505439759,
            0.4971447667479515,
            0.04211587178341688,
            -0.3294339095056057,
            0.5806579637527466,
            -0.3017436519265175,
            -0.2867145052552223,
            0.8789265954494476,
            0.014746033551637084,
            -0.36373548686504364,
            0.373270605802536,
            0.1182231392711401
        ],
        "std": [
            0.07889955832298907,
            0.3014356024735142,
            0.2445631608398383,
            0.48304454176750533,
            0.2981809526283069,
            0.48302743965803285,
            0.2599074893717453,
            0.2552676636033255,
            0.2604992031664812,
            0.2083704446727523,
            0.1591429976007461,
            0.3126287440705709,
            0.3066738735952138,
            0.1692472627342534
        ],
        "count": [
            55000
        ]
    },
    "frame_index": {
        "min": [
            0
        ],
        "max": [
            1099
        ],
        "mean": [
            549.5
        ],
        "std": [
            317.54251683829676
        ],
        "count": [
            55000
        ]
    },
    "observation.effort": {
        "min": [
            -360.46002197265625,
            -1334.239990234375,
            -989.9200439453125,
            -156.02000427246094,
            -694.02001953125,
            -263.6199951171875,
            -1054.47998046875,
            -1194.3599853515625,
            -1716.2200927734375,
            -1573.6500244140625,
            -484.20001220703125,
            -995.300048828125,
            -131.80999755859375,
            -938.8099975585938
        ],
        "max": [
            825.8300170898438,
            398.1199951171875,
            -72.6300048828125,
            556.8300170898438,
            392.7400207519531,
            96.84000396728516,
            919.9800415039062,
            1100.2100830078125,
            459.9900207519531,
            0.0,
            234.02999877929688,
            395.4300231933594,
            94.1500015258789,
            925.3600463867188
        ],
        "mean": [
            23.186402125358583,
            -354.15686462402346,
            -406.33203063964845,
            15.025409078598022,
            -115.12261352539062,
            -4.8149888134002685,
            -208.41484657287597,
            -4.5242661920189855,
            -285.3718145751953,
            -493.4139581298828,
            1.5231782001256944,
            -156.45120635986328,
            -6.915574426651001,
            -80.7244161605835
        ],