{
    "action": {
        "max": [
            0.5675728917121887,
            0.41724279522895813,
            1.4173983335494995,
            2.0447964668273926,
            1.3314954042434692,
            1.8775925636291504,
            0.9845746159553528,
            0.6488738656044006,
            0.6335340738296509,
            1.4572818279266357,
            1.90827214717865,
            1.3759808540344238,
            2.2902333736419678,
            0.873293399810791
        ],
        "mean": [
            -0.015253744088113308,
            -0.4624953269958496,
            0.9339038729667664,
            -0.09553200751543045,
            -0.046204715967178345,
            -0.14040710031986237,
            0.3702795207500458,
            -0.07482082396745682,
            -0.4091317355632782,
            0.8695663809776306,
            -0.07523159682750702,
            -0.059787552803754807,
            0.11542573571205139,
            0.31182146072387695
        ],
        "min": [
            -3.1415927410125732,
            -3.1415927410125732,
            -3.1415927410125732,
            -3.1415927410125732,
            -3.1415927410125732,
            -3.1415927410125732,
            -2.4759624004364014,
            -0.7439807057380676,
            -1.199573040008545,
            -0.3221359848976135,
            -2.2104663848876953,
            -1.023165225982666,
            -1.886796474456787,
            -0.270430326461792
        ],
        "std": [
            0.16193784773349762,
            0.35489341616630554,
            0.2653685212135315,
            0.4790548086166382,
            0.5148718953132629,
            0.5820537805557251,
            0.3282775282859802,
            0.18374302983283997,
            0.40224263072013855,
            0.3245049715042114,
            0.4986450970172882,
            0.5402180552482605,
            0.6491150856018066,
            0.3322553336620331
        ]
    },
    "episode_index": {
        "max": [
            99.0
        ],
        "mean": [
            49.49998092651367
        ],
        "min": [
            0.0
        ],
        "std": [
            28.86607551574707
        ]
    },
    "frame_index": {
        "max": [
            599.0
        ],
        "mean": [
            299.500244140625
        ],
        "min": [
            0.0
        ],
        "std": [
            173.2049102783203
        ]
    },
    "index": {
        "max": [
            59999.0
        ],
        "mean": [
            29999.50390625
        ],
        "min": [
            0.0
        ],
        "std": [
            17320.509765625
        ]
    },
    "next.done": {
        "max": [
            1.0
        ],
        "mean": [
            0.0016666676383465528
        ],
        "min": [
            0.0
        ],
        "std": [
            0.040790800005197525
        ]
    },
    "observation.effort": {
        "max": [
            543.3800048828125,
            871.5599975585938,
            425.02001953125,
            446.5400085449219,
            871.5599975585938,
            398.1199951171875,
            903.8400268554688,
            642.9100341796875,
            524.5499877929688,
            395.4300231933594,
            589.1099853515625,
            890.3900146484375,
            376.6000061035156,
            919.9800415039062
        ],
        "mean": [
            -0.8340797424316406,
            -189.1654052734375,
            -392.446044921875,
            9.926499366760254,
            -126.05271911621094,
            3.7769370079040527,
            -250.882568359375,
            -26.29343032836914,
            -207.3552703857422,
            -460.8675231933594,
            10.670835494995117,
            -138.01492309570312,
            -0.5786195993423462,
            -259.0442199707031
        ],
        "min": [
            -1041.030029296875,
            -1501.02001953125,
            -1067.9300537109375,
            -707.4700317382812,
            -1022.2000122070312,
            -414.260009765625,
            -1070.6199951171875,
            -581.0400390625,
            -2033.6400146484375,
            -1092.1400146484375,
            -925.3600463867188,
            -1132.489990234375,
            -371.2200012207031,
            -1151.320068359375
        ],
        "std": [
            57.708229064941406,
            251.29476928710938,
            144.97189331054688,
            31.840864181518555,
            96.31913757324219,
            22.348630905151367,
            354.5643310546875,
            118.11125183105469,
            286.376953125,
            147.13009643554688,
            43.17012023925781,
            112.7931137084961,
            23.361886978149414,
            350.29608154296875
        ]
    },
    "observation.images.cam_high": {
        "max": [
            [
                [
                    1.0
                ]
            ],
            [
                [
                    1.0
                ]
            ],
            [
                [
                    1.0
                ]
            ]
        ],
        "mean": [
            [
                [
                    0.36266154050827026
                ]
            ],
            [
                [
                    0.36820653080940247
                ]
            ],
            [
                [
                    0.3747129440307617
                ]
            ]
        ],
        "min": [
            [
                [
                    0.0
                ]
            ],
            [
                [
                    0.0
                ]
            ],
            [
                [
                    0.0
                ]
            ]
        ],
        "std": [
            [
                [
                    0.21317993104457855
                ]
            ],
            [
                [
                    0.21190857887268066
                ]
            ],
            [
                [
                    0.21106740832328796
                ]
            ]
        ]
    },
    "observation.images.cam_left_wrist": {
        "max": [
            [
                [
                    1.0
                ]
            ],
            [
                [
                    1.0
                ]
            ],
            [
                [
                    1.0
                ]
            ]
        ],
        "mean": [
            [
                [
                    0.4457206428050995
                ]
            ],
            [
                [
                    0.4503687024116516
                ]
            ],
            [
                [
                    0.45805624127388
                ]
            ]
        ],
        "min": [
            [
                [
                    0.0
                ]
            ],
            [
                [
                    0.0
                ]
            ],
            [
                [
                    0.0
                ]
            ]
        ],
        "std": [
            [
                [
                    0.2673550844192505
                ]
            ],
            [
                [
                    0.2659722566604614
                ]
            ],
            [
                [
                    0.26449671387672424
                ]
            ]
        ]
    },
    "observation.images.cam_low": {
        "max": [
            [
                [
                    1.0
                ]
            ],
            [
                [
                    1.0
                ]
            ],
            [
                [
                    1.0
                ]
            ]
        ],