{
    "episode_index": {
        "min": [
            0
        ],
        "max": [
            1354
        ],
        "mean": [
            677.0
        ],
        "std": [
            391.15470085376705
        ],
        "count": [
            67750
        ]
    },
    "next.reward": {
        "min": [
            0.0
        ],
        "max": [
            1.0
        ],
        "mean": [
            0.213033210593396
        ],
        "std": [
            0.40945092875252587
        ],
        "count": [
            67750
        ]
    },
    "observation.images.image": {
        "min": [
            [
                [
                    0.0
                ]
            ],
            [
                [
                    0.0
                ]
            ],
            [
                [
                    0.0
                ]
            ]
        ],
        "max": [
            [
                [
                    1.0
                ]
            ],
            [
                [
                    1.0
                ]
            ],
            [
                [
                    1.0
                ]
            ]
        ],
        "mean": [
            [
                [
                    0.3146293294715705
                ]
            ],
            [
                [
                    0.3343247028184553
                ]
            ],
            [
                [
                    0.324702561638452
                ]
            ]
        ],
        "std": [
            [
                [
                    0.289785260099732
                ]
            ],
            [
                [
                    0.287811921086969
                ]
            ],
            [
                [
                    0.29703727696222443
                ]
            ]
        ],
        "count": [
            67750
        ]
    },
    "observation.state": {
        "min": [
            0.5885599851608276,
            -3.3172800540924072,
            -0.5149999856948853,
            -1.8000001907348633,
            -0.3170192837715149,
            0.0,
            0.0
        ],
        "max": [
            5.877199649810791,
            3.1892199516296387,
            2.5071699619293213,
            1.8000001907348633,
            0.00914898980408907,
            1.3243964910507202,
            8.039999961853027
        ],
        "mean": [
            3.7822647100884974,
            -1.00877043475323,
            0.8308898538516016,
            1.6326776746729204,
            -0.0294548839059382,
            0.8999718483523689,
            4.398385166835961
        ],
        "std": [
            1.0514528992390526,
            1.6258698358005887,
            0.6590200661130812,
            0.7543248332042942,
            0.07103960619823356,
            0.00585059120019447,
            2.671774249431403
        ],
        "count": [
            67750
        ]
    },
    "timestamp": {
        "min": [
            0.0
        ],
        "max": [
            9.800000190734863
        ],
        "mean": [
            4.900000095367432
        ],
        "std": [
            2.886173963546753
        ],
        "count": [
            67750
        ]
    },
    "next.done": {
        "min": [
            false
        ],
        "max": [
            true
        ],
        "mean": [
            0.02
        ],
        "std": [
            0.13999999999999999
        ],
        "count": [
            67750
        ]
    },
    "index": {
        "min": [
            0
        ],
        "max": [
            67749
        ],
        "mean": [
            33874.5
        ],
        "std": [
            19557.740366668128
        ],
        "count": [
            67750
        ]
    },
    "frame_index": {
        "min": [
            0
        ],
        "max": [
            49
        ],
        "mean": [
            24.5
        ],
        "std": [
            14.430869689661812
        ],
        "count": [
            67750
        ]
    },
    "task_index": {
        "min": [
            0
        ],
        "max": [
            2
        ],
        "mean": [
            0.8575645756457565
        ],
        "std": [
            0.3639775783812834
        ],
        "count": [
            67750
        ]
    },
    "action": {
        "min": [
            -1.0,
            -1.0,
            -1.0,
            -1.0
        ],
        "max": [
            1.0,
            1.0,
            1.0,
            1.0
        ],
        "mean": [
            0.1469974336702363,
            -0.12457381626631896,
            0.05390945019344782,
            -0.07570013698376028
        ],
        "std": [
            0.48490530587400654,
            0.46432132130187065,
            0.5408441641588988,
            0.8928961482736645
        ],
        "count": [
            67750
        ]
    }
}