{
    "next.reward": {
        "min": [
            1.0
        ],
        "max": [
            1.0
        ],
        "mean": [
            1.0
        ],
        "std": [
            0.0
        ],
        "count": [
            26113
        ]
    },
    "action": {
        "min": [
            -0.45636123418807983,
            -0.0033472818322479725,
            0.02071167156100273,
            -3.141592264175415,
            -0.0383453331887722,
            1.4695326089859009,
            -0.21303719282150269
        ],
        "max": [
            0.3999585509300232,
            0.5522733330726624,
            0.2705009877681732,
            3.1415905952453613,
            0.03988867253065109,
            1.6311980485916138,
            0.959618091583252
        ],
        "mean": [
            -0.04829048800725462,
            0.19164217790847024,
            0.09978679798128882,
            2.4608384946073225,
            0.0004622935549618175,
            1.5698915102688824,
            0.28322055327570117
        ],
        "std": [
            0.24690285676002344,
            0.09880397199774289,
            0.06263859904999262,
            1.4282707245347335,
            0.006845016428914121,
            0.011229745848279548,
            0.3227933219852575
        ],
        "count": [
            26113
        ]
    },
    "observation.state": {
        "min": [
            -1.6709718704223633,
            -0.25708502531051636,
            -2.8237640857696533,
            0.2805232107639313,
            -0.104168601334095,
            -1.1785483360290527,
            -0.21303719282150269
        ],
        "max": [
            1.1428991556167603,
            0.960901141166687,
            -0.4778182804584503,
            3.281290292739868,
            2.7127327919006348,
            0.8564580678939819,
            0.959618091583252
        ],
        "mean": [
            -0.1940031468232561,
            0.35355501267678824,
            -1.9581083404800097,
            1.208033280714685,
            1.404242332976949,
            -0.03851411852108696,
            0.28169203418561406
        ],
        "std": [
            0.6673587964563413,
            0.23406592766435338,
            0.5219733202992365,
            0.9537437907840328,
            0.612028419247746,
            0.3005022677131709,
            0.32258417927070154
        ],
        "count": [
            26113
        ]
    },
    "timestamp": {
        "min": [
            0.0
        ],
        "max": [
            89.80000305175781
        ],
        "mean": [
            28.730272778857376
        ],
        "std": [
            21.201963183204946
        ],
        "count": [
            26113
        ]
    },
    "observation.images.image": {
        "min": [
            [
                [
                    0.0
                ]
            ],
            [
                [
                    0.0
                ]
            ],
            [
                [
                    0.0
                ]
            ]
        ],
        "max": [
            [
                [
                    1.0
                ]
            ],
            [
                [
                    0.8117647171020508
                ]
            ],
            [
                [
                    1.0
                ]
            ]
        ],
        "mean": [
            [
                [
                    0.2097444845871492
                ]
            ],
            [
                [
                    0.2086010680957274
                ]
            ],
            [
                [
                    0.20916898074475201
                ]
            ]
        ],
        "std": [
            [
                [
                    0.24097737318931575
                ]
            ],
            [
                [
                    0.23964493393566702
                ]
            ],
            [
                [
                    0.24129592394582106
                ]
            ]
        ],
        "count": [
            11000
        ]
    },
    "episode_index": {
        "min": [
            0
        ],
        "max": [
            109
        ],
        "mean": [
            54.153295293531954
        ],
        "std": [
            32.13762467707202
        ],
        "count": [
            26113
        ]
    },
    "next.done": {
        "min": [
            false
        ],
        "max": [
            true
        ],
        "mean": [
            0.0042124612262091675
        ],
        "std": [
            0.06476663027074091
        ],
        "count": [
            26113
        ]
    },
    "index": {
        "min": [
            0
        ],
        "max": [
            26112
        ],
        "mean": [
            13056.0
        ],
        "std": [
            7538.173784146927
        ],
        "count": [
            26113
        ]
    },
    "frame_index": {
        "min": [
            0
        ],
        "max": [
            449
        ],
        "mean": [
            143.6513613908781
        ],
        "std": [
            106.00981501271333
        ],
        "count": [
            26113
        ]
    },
    "task_index": {
        "min": [
            0
        ],
        "max": [
            215
        ],
        "mean": [
            102.43162409527821
        ],
        "std": [
            63.097501433275504
        ],
        "count": [
            26113
        ]
    }
}