{
    "observation.state": {
        "min": [
            -0.009808202274143696,
            -1.5829112529754639,
            0.7257948517799377,
            -0.01767185889184475,
            -0.8194121718406677,
            -0.0013808455551043153,
            0.09741520136594772,
            -0.35571369528770447,
            -1.5870424509048462,
            -0.03345781937241554,
            -0.7004774808883667,
            -0.30000001192092896,
            -0.8835340142250061,
            0.09984833002090454
        ],
        "max": [
            0.002677307231351733,
            0.0007640126277692616,
            1.3400592803955078,
            0.08492568880319595,
            0.39077815413475037,
            1.583146095275879,
            0.932496190071106,
            0.476897656917572,
            0.27197518944740295,
            1.208260178565979,
            0.5955550074577332,
            1.0651240348815918,
            1.0857996940612793,
            1.0364327430725098
        ],
        "mean": [
            -0.005376433404162526,
            -0.4888686621189117,
            1.013736479282379,
            -0.006142872553318739,
            -0.5179842710494995,
            1.121839599609375,
            0.6895126867294311,
            0.019465716714039447,
            -0.3194728377461433,
            0.47818205535411834,
            -0.024861827492713928,
            0.7694472074508667,
            0.037435983810573815,
            0.7088929212093353
        ],
        "std": [
            0.003643757230761821,
            0.5279983901999824,
            0.1980384466269353,
            0.016402715336344565,
            0.35915955558457396,
            0.599786470015169,
            0.2553483848154847,
            0.10964175890267538,
            0.5030762480283202,
            0.4458419467271353,
            0.1430964270047323,
            0.3057490683407634,
            0.22783466217122308,
            0.24754416844203217
        ],
        "count": [
            20000
        ]
    },
    "observation.images.top": {
        "min": [
            [
                [
                    0.0
                ]
            ],
            [
                [
                    0.0
                ]
            ],
            [
                [
                    0.0
                ]
            ]
        ],
        "max": [
            [
                [
                    1.0
                ]
            ],
            [
                [
                    0.9176470637321472
                ]
            ],
            [
                [
                    0.9176470637321472
                ]
            ]
        ],
        "mean": [
            [
                [
                    0.1616090267896652
                ]
            ],
            [
                [
                    0.1608324244618416
                ]
            ],
            [
                [
                    0.1608324244618416
                ]
            ]
        ],
        "std": [
            [
                [
                    0.2013832341071905
                ]
            ],
            [
                [
                    0.19988553124622754
                ]
            ],
            [
                [
                    0.19988553124622754
                ]
            ]
        ],
        "count": [
            20000
        ]
    },
    "task_index": {
        "min": [
            0
        ],
        "max": [
            0
        ],
        "mean": [
            0.0
        ],
        "std": [
            0.0
        ],
        "count": [
            20000
        ]
    },
    "timestamp": {
        "min": [
            0.0
        ],
        "max": [
            7.980000019073486
        ],
        "mean": [
            3.990000009536743
        ],
        "std": [
            2.309393882751465
        ],
        "count": [
            20000
        ]
    },
    "next.done": {
        "min": [
            false
        ],
        "max": [
            true
        ],
        "mean": [
            0.0025
        ],
        "std": [
            0.04993746088859546
        ],
        "count": [
            20000
        ]
    },
    "index": {
        "min": [
            0
        ],
        "max": [
            19999
        ],
        "mean": [
            9999.5
        ],
        "std": [
            5773.502684679379
        ],
        "count": [
            20000
        ]
    },
    "action": {
        "min": [
            -0.009873388335108757,
            -1.5841866731643677,
            0.7224725484848022,
            -0.015388309955596924,
            -0.8307557106018066,
            -0.0009437015978619456,
            0.0,
            -0.35700783133506775,
            -1.5885518789291382,
            -0.03710378706455231,
            -0.6974614262580872,
            -0.30000001192092896,
            -0.8835968971252441,
            0.0
        ],
        "max": [
            0.003640103619545698,
            -0.0011156348045915365,
            1.3364633321762085,
            0.08721808344125748,
            0.38442423939704895,
            1.5826531648635864,
            1.0,
            0.4779319763183594,
            0.27046096324920654,
            1.2083989381790161,
            0.5946864485740662,
            1.059208631515503,
            1.0856034755706787,
            1.0
        ],
        "mean": [
            -0.005418341336771846,
            -0.4803250741958618,
            1.0102424144744873,
            -0.004219816019758582,
            -0.5297607588768005,
            1.1214394283294677,
            0.5874999761581421,
            0.019553276938386262,
            -0.31375437319278715,
            0.47024091601371765,
            -0.023141543241217734,
            0.7722046208381653,
            0.037483004946261646,
            0.5962499976158142
        ],
        "std": [
            0.0037046673595435117,
            0.5198390293133509,
            0.19777533174586182,
            0.01628604032372787,
            0.3604517638688013,
            0.599594906568619,
            0.42409461736679066,
            0.1111459962267787,
            0.49435660187568015,
            0.4435493499761361,
            0.1451999527024553,
            0.2956251092603713,
            0.2277861245772205,
            0.3861203193664551
        ],
        "count": [
            20000
        ]
    },
    "frame_index": {
        "min": [
            0
        ],
        "max": [
            399
        ],
        "mean": [
            199.5
        ],
        "std": [
            115.46969299344309
        ],
        "count": [
            20000
        ]
    },
    "episode_index": {
        "min": [
            0
        ],
        "max": [
            49
        ],
        "mean": [
            24.5
        ],
        "std": [
            14.430869689661812
        ],
        "count": [
            20000
        ]
    }
}