{
    "action": {
        "max": [
            0.1733398288488388,
            0.4049709439277649,
            1.1811652183532715,
            0.013805827125906944,
            0.630466103553772,
            0.5430291891098022,
            0.5518629550933838,
            0.21168935298919678,
            0.052155349403619766,
            1.2655341625213623,
            0.28685441613197327,
            -0.13345633447170258,
            1.540116786956787,
            0.5856567025184631
        ],
        "mean": [
            0.008777451701462269,
            0.09874145686626434,
            0.7772460579872131,
            -0.1525658369064331,
            -0.8699773550033569,
            -0.1761881560087204,
            -0.09735601395368576,
            0.018471159040927887,
            -0.3545054793357849,
            1.0039634704589844,
            -0.04632321372628212,
            -0.6934903860092163,
            0.3448037803173065,
            -0.010064655914902687
        ],
        "min": [
            -0.14419420063495636,
            -0.9633399844169617,
            0.26384469866752625,
            -0.5046796798706055,
            -1.5217089653015137,
            -1.5830682516098022,
            -0.22081249952316284,
            -0.11965050548315048,
            -1.0339031219482422,
            0.771592378616333,
            -0.39730104804039,
            -1.1351457834243774,
            -1.5201749801635742,
            -0.23197250068187714
        ],
        "std": [
            0.06050034984946251,
            0.245761439204216,
            0.1668500006198883,
            0.08501944690942764,
            0.726464033126831,
            0.3958887755870819,
            0.19641418755054474,
            0.05196944624185562,
            0.37935110926628113,
            0.13800431787967682,
            0.1068953201174736,
            0.2944689095020294,
            0.7846318483352661,
            0.2742708623409271
        ]
    },
    "episode_index": {
        "max": [
            33.0
        ],
        "mean": [
            16.500003814697266
        ],
        "min": [
            0.0
        ],
        "std": [
            9.810708999633789
        ]
    },
    "frame_index": {
        "max": [
            599.0
        ],
        "mean": [
            299.49981689453125
        ],
        "min": [
            0.0
        ],
        "std": [
            173.20484924316406
        ]
    },
    "index": {
        "max": [
            20399.0
        ],
        "mean": [
            10199.49609375
        ],
        "min": [
            0.0
        ],
        "std": [
            5888.97412109375
        ]
    },
    "next.done": {
        "max": [
            1.0
        ],
        "mean": [
            0.0016666665906086564
        ],
        "min": [
            0.0
        ],
        "std": [
            0.040790803730487823
        ]
    },
    "observation.images.cam_high": {
        "max": [
            [
                [
                    1.0
                ]
            ],
            [
                [
                    1.0
                ]
            ],
            [
                [
                    1.0
                ]
            ]
        ],
        "mean": [
            [
                [
                    0.4443094730377197
                ]
            ],
            [
                [
                    0.44396698474884033
                ]
            ],
            [
                [
                    0.4540453255176544
                ]
            ]
        ],
        "min": [
            [
                [
                    0.0
                ]
            ],
            [
                [
                    0.0
                ]
            ],
            [
                [
                    0.0
                ]
            ]
        ],
        "std": [
            [
                [
                    0.19873255491256714
                ]
            ],
            [
                [
                    0.196671724319458
                ]
            ],
            [
                [
                    0.19603118300437927
                ]
            ]
        ]
    },
    "observation.images.cam_left_wrist": {
        "max": [
            [
                [
                    1.0
                ]
            ],
            [
                [
                    1.0
                ]
            ],
            [
                [
                    1.0
                ]
            ]
        ],
        "mean": [
            [
                [
                    0.448234885931015
                ]
            ],
            [
                [
                    0.4528729021549225
                ]
            ],
            [
                [
                    0.459371417760849
                ]
            ]
        ],
        "min": [
            [
                [
                    0.0
                ]
            ],
            [
                [
                    0.0
                ]
            ],
            [
                [
                    0.0
                ]
            ]
        ],
        "std": [
            [
                [
                    0.28928065299987793
                ]
            ],
            [
                [
                    0.2863026559352875
                ]
            ],
            [
                [
                    0.28357934951782227
                ]
            ]
        ]
    },
    "observation.images.cam_low": {
        "max": [
            [
                [
                    1.0
                ]
            ],
            [
                [
                    1.0
                ]
            ],
            [
                [
                    1.0
                ]
            ]
        ],
        "mean": [
            [
                [
                    0.49163681268692017
                ]
            ],
            [
                [
                    0.5040920972824097
                ]
            ],
            [
                [
                    0.5186058282852173
                ]
            ]
        ],
        "min": [
            [
                [
                    0.0
                ]
            ],
            [
                [
                    0.0
                ]
            ],
            [
                [
                    0.0
                ]
            ]
        ],
        "std": [
            [
                [
                    0.219109907746315
                ]
            ],
            [
                [
                    0.21803413331508636
                ]
            ],
            [
                [
                    0.21592432260513306
                ]
            ]
        ]
    },
    "observation.images.cam_right_wrist": {
        "max": [
            [
                [
                    1.0
                ]
            ],
            [
                [
                    1.0
                ]
            ],
            [
                [
                    1.0
                ]
            ]
        ],
        "mean": [
            [
                [
                    0.4350105822086334
                ]
            ],
            [
                [
                    0.4436759054660797
                ]
            ],
            [
                [
                    0.4500249922275543
                ]
            ]
        ],
        "min": [
            [
                [
                    0.0
                ]
            ],
            [
                [
                    0.0
                ]
            ],
            [
                [
                    0.0
                ]
            ]
        ],