{
    "action": {
        "max": [
            0.5145255923271179,
            0.28572002053260803,
            0.5560113191604614,
            3.141160249710083,
            0.49824416637420654,
            0.9626806974411011,
            1.0
        ],
        "mean": [
            0.3727557957172394,
            -0.0033627934753894806,
            0.3023633062839508,
            2.302363395690918,
            -0.02889224886894226,
            0.12031934410333633,
            0.433676153421402
        ],
        "min": [
            0.2299005687236786,
            -0.3306972086429596,
            0.16176709532737732,
            -3.141367197036743,
            -0.35810038447380066,
            -0.5391177535057068,
            0.0
        ],
        "std": [
            0.045034393668174744,
            0.14538292586803436,
            0.09052387624979019,
            1.7120277881622314,
            0.11656393110752106,
            0.22716717422008514,
            0.4875791668891907
        ]
    },
    "episode_index": {
        "max": [
            101.0
        ],
        "mean": [
            50.516563415527344
        ],
        "min": [
            0.0
        ],
        "std": [
            29.154037475585938
        ]
    },
    "frame_index": {
        "max": [
            97.0
        ],
        "mean": [
            36.66461944580078
        ],
        "min": [
            0.0
        ],
        "std": [
            21.990760803222656
        ]
    },
    "index": {
        "max": [
            7489.0
        ],
        "mean": [
            3744.500732421875
        ],
        "min": [
            0.0
        ],
        "std": [
            2162.177001953125
        ]
    },
    "next.done": {
        "max": [
            1.0
        ],
        "mean": [
            0.013618158176541328
        ],
        "min": [
            0.0
        ],
        "std": [
            0.11589952558279037
        ]
    },
    "next.reward": {
        "max": [
            1.0
        ],
        "mean": [
            0.013618155382573605
        ],
        "min": [
            0.0
        ],
        "std": [
            0.11589953303337097
        ]
    },
    "observation.images.hand_image": {
        "max": [
            [
                [
                    1.0
                ]
            ],
            [
                [
                    1.0
                ]
            ],
            [
                [
                    1.0
                ]
            ]
        ],
        "mean": [
            [
                [
                    0.394724577665329
                ]
            ],
            [
                [
                    0.40443968772888184
                ]
            ],
            [
                [
                    0.3801412284374237
                ]
            ]
        ],
        "min": [
            [
                [
                    0.0
                ]
            ],
            [
                [
                    0.0
                ]
            ],
            [
                [
                    0.0
                ]
            ]
        ],
        "std": [
            [
                [
                    0.25350841879844666
                ]
            ],
            [
                [
                    0.23343425989151
                ]
            ],
            [
                [
                    0.23978614807128906
                ]
            ]
        ]
    },
    "observation.images.image": {
        "max": [
            [
                [
                    1.0
                ]
            ],
            [
                [
                    1.0
                ]
            ],
            [
                [
                    1.0
                ]
            ]
        ],
        "mean": [
            [
                [
                    0.43885287642478943
                ]
            ],
            [
                [
                    0.46525585651397705
                ]
            ],
            [
                [
                    0.45087486505508423
                ]
            ]
        ],
        "min": [
            [
                [
                    0.0
                ]
            ],
            [
                [
                    0.0
                ]
            ],
            [
                [
                    0.0
                ]
            ]
        ],
        "std": [
            [
                [
                    0.2611757814884186
                ]
            ],
            [
                [
                    0.23960848152637482
                ]
            ],
            [
                [
                    0.24652719497680664
                ]
            ]
        ]
    },
    "observation.images.image2": {
        "max": [
            [
                [
                    1.0
                ]
            ],
            [
                [
                    1.0
                ]
            ],
            [
                [
                    1.0
                ]
            ]
        ],
        "mean": [
            [
                [
                    0.43125104904174805
                ]
            ],
            [
                [
                    0.44918614625930786
                ]
            ],
            [
                [
                    0.41900473833084106
                ]
            ]
        ],
        "min": [
            [
                [
                    0.0
                ]
            ],
            [
                [
                    0.0
                ]
            ],
            [
                [
                    0.0
                ]
            ]
        ],
        "std": [
            [
                [
                    0.2578160762786865
                ]
            ],
            [
                [
                    0.2353844940662384
                ]
            ],
            [
                [
                    0.2512531876564026
                ]
            ]
        ]
    },
    "observation.state": {
        "max": [
            0.5210632681846619,
            0.28483206033706665,
            0.5593319535255432,
            3.1411046981811523,
            0.49458807706832886,
            0.9623636603355408,
            0.0,
            0.0
        ],
        "mean": [
            0.37254083156585693,
            -0.0026677085552364588,
            0.30404576659202576,
            2.3822474479675293,
            -0.0276079960167408,
            0.11720237880945206,
            0.0,
            0.0
        ],
        "min": [
            0.23007839918136597,
            -0.33022651076316833,
            0.1624363511800766,
            -3.141101360321045,
            -0.3506094217300415,
            -0.537290632724762,
            0.0,
            0.0
        ],
        "std": [
            0.044614046812057495,
            0.1453210860490799,
            0.09342901408672333,
            1.596743106842041,
            0.11706137657165527,
            0.2276456207036972,
            0.0,
            0.0
        ]
    },
    "timestamp": {
        "max": [
            9.699999809265137
        ],
        "mean": [
            3.66646146774292
        ],
        "min": [
            0.0
        ],
        "std": [
            2.199075937271118
        ]
    }
}