{
    "frame_index": {
        "min": [
            0
        ],
        "max": [
            499
        ],
        "mean": [
            249.5
        ],
        "std": [
            144.33727862198316
        ],
        "count": [
            19000
        ]
    },
    "next.done": {
        "min": [
            false
        ],
        "max": [
            true
        ],
        "mean": [
            0.002
        ],
        "std": [
            0.04467661580737735
        ],
        "count": [
            19000
        ]
    },
    "observation.images.cam_right": {
        "min": [
            [
                [
                    0.0
                ]
            ],
            [
                [
                    0.0
                ]
            ],
            [
                [
                    0.0
                ]
            ]
        ],
        "max": [
            [
                [
                    1.0
                ]
            ],
            [
                [
                    1.0
                ]
            ],
            [
                [
                    1.0
                ]
            ]
        ],
        "mean": [
            [
                [
                    0.39998207515791845
                ]
            ],
            [
                [
                    0.4020393835870843
                ]
            ],
            [
                [
                    0.4858472143348895
                ]
            ]
        ],
        "std": [
            [
                [
                    0.28640764917330563
                ]
            ],
            [
                [
                    0.2838244527132621
                ]
            ],
            [
                [
                    0.21108320779548215
                ]
            ]
        ],
        "count": [
            3990
        ]
    },
    "action": {
        "min": [
            -0.026939773932099342,
            -0.022294744849205017,
            0.07871540635824203,
            -0.09132706373929977,
            -0.1482129693031311,
            -0.17200617492198944,
            -0.10879802703857422,
            0.07095865905284882,
            -0.00200304645113647,
            -0.3133017122745514,
            -0.29814276099205017,
            -1.4826571941375732,
            -0.2168787717819214,
            -0.8880544304847717,
            -0.5088142156600952,
            -1.454918384552002,
            -0.6818414330482483,
            -0.6009765863418579,
            -0.4241481125354767,
            -0.09045827388763428,
            -0.05463366582989693,
            -0.25465017557144165,
            -0.0014982825377956033,
            -0.16619320213794708,
            25.557342529296875,
            32.261871337890625,
            40.485958099365234,
            56.25749206542969,
            120.86660766601562,
            88.94454193115234,
            -52.74167251586914,
            0.001008504186756909,
            12.571401596069336,
            17.633769989013672,
            20.033742904663086,
            36.75476837158203,
            131.10507202148438,
            47.487022399902344,
            -35.63884735107422,
            0.001674039289355278
        ],
        "max": [
            0.12836021184921265,
            0.10108689218759537,
            0.2767692804336548,
            0.08907607197761536,
            -0.025992151349782944,
            -0.024409761652350426,
            -0.0014416722115129232,
            0.24257181584835052,
            0.1954766809940338,
            -0.12068891525268555,
            0.024361515417695045,
            0.589780867099762,
            0.8072392344474792,
            0.6097198128700256,
            1.428200125694275,
            0.54360032081604,
            0.16189460456371307,
            1.0148658752441406,
            1.3415517807006836,
            0.0719723328948021,
            0.036472003906965256,
            -0.08191949874162674,
            0.17384953796863556,
            0.11934774369001389,
            178.124755859375,
            179.57850646972656,
            176.40249633789062,
            179.7174530029297,
            179.91378784179688,
            139.41244506835938,
            75.2831039428711,
            0.13832272589206696,
            179.87179565429688,
            179.76016235351562,
            174.77078247070312,
            178.57948303222656,
            179.77186584472656,
            86.34390258789062,
            66.55952453613281,
            0.14657625555992126
        ],
        "mean": [
            0.07516265693610828,
            0.03317697118281534,
            0.18854855844064763,
            -0.013210625143792162,
            -0.09171449187162675,
            -0.12321029427020173,
            -0.050411230688424485,
            0.1642446653231194,
            0.07865690606597223,
            -0.24796927210531736,
            -0.12126998113174188,
            -0.16657921691474162,
            0.11815288071336813,
            -0.16500487698144034,
            0.12966567250948988,
            -0.2712481068937402,
            -0.14284807620079895,
            0.15682704217339816,
            0.2069791507368025,
            0.010952073890764854,
            -0.009396249762319616,
            -0.17204666686685463,
            0.10913005569263508,
            -0.010232813166160332,
            134.14519259804175,
            136.5971820228978,
            133.24311206215307,
            140.47592042621812,
            165.8873688547235,
            112.02843234413548,
            0.7534073052168089,
            0.07048561286769416,
            132.52645050851922,
            128.9781817386025,
            121.45367692646228,
            133.54267421521638,
            161.17780303955078,
            71.56552445261102,
            7.445946140312834,
            0.07352923758720097
        ],
        "std": [
            0.023396931218943273,
            0.02233851519029026,
            0.030574233852044736,
            0.02514011633560575,
            0.020563475332492323,
            0.02009419837739676,
            0.01982312709877327,
            0.029325563632655337,
            0.03283876740705373,
            0.023073636379740546,
            0.044385360107959744,
            0.34179711736074925,
            0.21198916698678227,
            0.24685735077774734,
            0.4040646341702743,
            0.30349163314912625,
            0.18235810909372221,
            0.26953606909675537,
            0.35563242083968666,
            0.01529927936866539,
            0.00855955812459433,
            0.03796362329666425,
            0.033193226600090935,
            0.02756759128670937,
            40.45364131536462,
            44.64685348615761,
            41.061272113529775,
            37.25848245775105,
            10.143819345543557,
            12.397450321106412,
            23.308689361330504,
            0.04105390900639082,
            55.0512376965187,
            53.031297561226204,
            44.75924106782435,
            34.730078305717434,
            8.17767592799502,
            8.087699480046806,
            15.42194858547189,
            0.0367665339079045
        ],
        "count": [
            19000
        ]
    },
    "timestamp": {
        "min": [
            0.0
        ],
        "max": [
            9.979999542236328
        ],
        "mean": [
            4.989999771118164
        ],
        "std": [
            2.886745691299439
        ],
        "count": [
            19000
        ]
    },