{
    "frame_index": {
        "min": [
            0
        ],
        "max": [
            299
        ],
        "mean": [
            149.5
        ],
        "std": [
            86.60205925188308
        ],
        "count": [
            16800
        ]
    },
    "observation.state": {
        "min": [
            -0.003067961661145091,
            -0.9679418802261353,
            1.0983302593231201,
            -0.2208932340145111,
            -0.9495341181755066,
            -0.13499031960964203,
            -0.1960025131702423,
            -0.18254372477531433,
            -1.0707186460494995,
            0.14419420063495636,
            -0.2761165499687195,
            -0.6381360292434692,
            -0.251572847366333,
            -0.14189305901527405
        ],
        "max": [
            0.21935926377773285,
            0.0015339808305725455,
            1.546252727508545,
            0.03681553900241852,
            -0.251572847366333,
            0.06902913749217987,
            0.5297179818153381,
            -0.004601942375302315,
            0.21475732326507568,
            1.4496119022369385,
            0.023009711876511574,
            1.0400390625,
            0.05982525274157524,
            0.629740834236145
        ],
        "mean": [
            0.08552352704906038,
            -0.2715767880103418,
            1.191491118499211,
            -0.08320487770834006,
            -0.6341594957879612,
            -0.014187861394020729,
            0.003387215881697817,
            -0.085351158182935,
            -0.17654820205643773,
            0.6725776365825108,
            -0.06588194294558239,
            -0.008219465328563404,
            -0.03954896383181351,
            0.14414242475426622
        ],
        "std": [
            0.03375618890814917,
            0.2513787129137017,
            0.06584482153428962,
            0.04650974053403448,
            0.16495319465066066,
            0.03175909090476429,
            0.20665681669820818,
            0.03465271467742073,
            0.3614699091132991,
            0.28835649427678395,
            0.05705723349353734,
            0.382569015699853,
            0.05741041138189356,
            0.2493496481101179
        ],
        "count": [
            16800
        ]
    },
    "task_index": {
        "min": [
            0
        ],
        "max": [
            0
        ],
        "mean": [
            0.0
        ],
        "std": [
            0.0
        ],
        "count": [
            16800
        ]
    },
    "observation.images.cam_low": {
        "min": [
            [
                [
                    0.0
                ]
            ],
            [
                [
                    0.0
                ]
            ],
            [
                [
                    0.0
                ]
            ]
        ],
        "max": [
            [
                [
                    1.0
                ]
            ],
            [
                [
                    1.0
                ]
            ],
            [
                [
                    1.0
                ]
            ]
        ],
        "mean": [
            [
                [
                    0.465247493237257
                ]
            ],
            [
                [
                    0.4794767541544778
                ]
            ],
            [
                [
                    0.4835830847067492
                ]
            ]
        ],
        "std": [
            [
                [
                    0.18456861281228085
                ]
            ],
            [
                [
                    0.1814577672370814
                ]
            ],
            [
                [
                    0.18472559818214396
                ]
            ]
        ],
        "count": [
            5600
        ]
    },
    "observation.images.cam_right_wrist": {
        "min": [
            [
                [
                    0.0
                ]
            ],
            [
                [
                    0.0
                ]
            ],
            [
                [
                    0.0
                ]
            ]
        ],
        "max": [
            [
                [
                    1.0
                ]
            ],
            [
                [
                    1.0
                ]
            ],
            [
                [
                    1.0
                ]
            ]
        ],
        "mean": [
            [
                [
                    0.4130287670663425
                ]
            ],
            [
                [
                    0.4252304823270866
                ]
            ],
            [
                [
                    0.43235855656010763
                ]
            ]
        ],
        "std": [
            [
                [
                    0.2506512571304066
                ]
            ],
            [
                [
                    0.24864739077106898
                ]
            ],
            [
                [
                    0.2482588281038774
                ]
            ]
        ],
        "count": [
            5600
        ]
    },
    "action": {
        "min": [
            -0.0076699042692780495,
            -0.954136073589325,
            1.0768545866012573,
            -0.22242721915245056,
            -0.9572040438652039,
            -0.1365242898464203,
            -0.2623632252216339,
            -0.19174760580062866,
            -1.0661166906356812,
            0.12271846830844879,
            -0.27765053510665894,
            -0.6519418358802795,
            -0.251572847366333,
            -0.23847055435180664
        ],
        "max": [
            0.22242721915245056,
            -0.004601942375302315,
            1.5339808464050293,
            0.04601942375302315,
            -0.25310683250427246,
            0.07056311517953873,
            0.5243777632713318,
            0.0,
            0.19788353145122528,
            1.4373400211334229,
            0.02454369328916073,
            1.0477088689804077,
            0.061359234154224396,
            0.6198796629905701
        ],
        "mean": [
            0.0884101026292358,
            -0.2693257922572749,
            1.1785820126533508,
            -0.08442099210307268,
            -0.6462657515491758,
            -0.013542854553504315,
            -0.03221431457703667,
            -0.09072820213623345,
            -0.18392061136130775,
            0.6476865091494152,
            -0.06795922070991114,
            -0.003503701073766154,
            -0.039797500985774344,
            0.10945449809410743
        ],
        "std": [
            0.032269576475547304,
            0.23197185108783488,
            0.06584496814096266,
            0.04587205933557756,
            0.1597891743887909,
            0.03200156417314004,
            0.22860253645320924,
            0.03477585298522162,
            0.3392779455077788,
            0.28421911513821563,
            0.056864839831199984,
            0.38907265029003363,
            0.05778409892290286,
            0.2805397731175875
        ],
        "count": [
            16800
        ]
    },
    "episode_index": {
        "min": [
            0
        ],
        "max": [
            55
        ],
        "mean": [
            27.5
        ],
        "std": [
            16.163229875244614
        ],
        "count": [
            16800
        ]
    },
    "index": {
        "min": [
            0
        ],
        "max": [
            16799
        ],
        "mean": [
            8399.5
        ],
        "std": [
            4849.742252601334
        ],
        "count": [
            16800
        ]
    },