{
    "task_index": {
        "min": [
            0
        ],
        "max": [
            11
        ],
        "mean": [
            5.431818181818182
        ],
        "std": [
            3.2361433786132143
        ],
        "count": [
            440
        ]
    },
    "timestamp": {
        "min": [
            0.0
        ],
        "max": [
            7.800000190734863
        ],
        "mean": [
            3.0818182771856133
        ],
        "std": [
            1.8893568883403693
        ],
        "count": [
            440
        ]
    },
    "observation.images.image": {
        "min": [
            [
                [
                    0.0
                ]
            ],
            [
                [
                    0.0
                ]
            ],
            [
                [
                    0.0
                ]
            ]
        ],
        "max": [
            [
                [
                    1.0
                ]
            ],
            [
                [
                    1.0
                ]
            ],
            [
                [
                    1.0
                ]
            ]
        ],
        "mean": [
            [
                [
                    0.4770863503217697
                ]
            ],
            [
                [
                    0.46589704061096365
                ]
            ],
            [
                [
                    0.44463684342124243
                ]
            ]
        ],
        "std": [
            [
                [
                    0.20356700406500575
                ]
            ],
            [
                [
                    0.2142395068861378
                ]
            ],
            [
                [
                    0.2428117342380901
                ]
            ]
        ],
        "count": [
            440
        ]
    },
    "index": {
        "min": [
            0
        ],
        "max": [
            439
        ],
        "mean": [
            219.5
        ],
        "std": [
            127.01673118136839
        ],
        "count": [
            440
        ]
    },
    "next.done": {
        "min": [
            false
        ],
        "max": [
            true
        ],
        "mean": [
            0.031818181818181815
        ],
        "std": [
            0.17551576887552567
        ],
        "count": [
            440
        ]
    },
    "action": {
        "min": [
            -1.0,
            -1.0,
            -1.0,
            0.0,
            0.0,
            0.0,
            0.0
        ],
        "max": [
            1.0,
            1.0,
            1.0,
            0.0,
            1.0,
            0.0,
            0.0
        ],
        "mean": [
            0.19654627923261037,
            -0.10499950887804682,
            -0.0398191978816319,
            0.0,
            0.002272727391259237,
            0.0,
            0.0
        ],
        "std": [
            0.42316060955693036,
            0.46901584570937654,
            0.42725571141581264,
            0.0,
            0.04761891799043874,
            0.0,
            0.0
        ],
        "count": [
            440
        ]
    },
    "next.reward": {
        "min": [
            0.0
        ],
        "max": [
            1.0
        ],
        "mean": [
            0.3227272802455859
        ],
        "std": [
            0.4675193776955676
        ],
        "count": [
            440
        ]
    },
    "observation.state": {
        "min": [
            0.25000596046447754,
            -1.0,
            -0.1999940574169159,
            -3.1415927410125732,
            -3.1415927410125732,
            6.2831854820251465,
            0.0
        ],
        "max": [
            1.0,
            1.0,
            1.0,
            6.2831854820251465,
            1.0,
            6.2831854820251465,
            1.0
        ],
        "mean": [
            0.9234098426320336,
            0.17681746506555515,
            0.8427971728484739,
            5.426388697190718,
            -0.574416843327609,
            6.283186912536621,
            0.9318181818181818
        ],
        "std": [
            0.18067771273539693,
            0.6520705402235318,
            0.34829698134259424,
            2.4485048468125505,
            1.3255228622276796,
            1.430511474609375e-06,
            0.25205764787294127
        ],
        "count": [
            440
        ]
    },
    "frame_index": {
        "min": [
            0
        ],
        "max": [
            39
        ],
        "mean": [
            15.409090909090908
        ],
        "std": [
            9.446784401963987
        ],
        "count": [
            440
        ]
    },
    "episode_index": {
        "min": [
            0
        ],
        "max": [
            13
        ],
        "mean": [
            6.318181818181818
        ],
        "std": [
            4.060747396907077
        ],
        "count": [
            440
        ]
    }
}