{
    "frame_index": {
        "min": [
            0
        ],
        "max": [
            173
        ],
        "mean": [
            68.29683869389751
        ],
        "std": [
            40.48105430201268
        ],
        "count": [
            32708
        ]
    },
    "observation.images.image": {
        "min": [
            [
                [
                    0.0
                ]
            ],
            [
                [
                    0.0
                ]
            ],
            [
                [
                    0.0
                ]
            ]
        ],
        "max": [
            [
                [
                    1.0
                ]
            ],
            [
                [
                    1.0
                ]
            ],
            [
                [
                    1.0
                ]
            ]
        ],
        "mean": [
            [
                [
                    0.48425762380162873
                ]
            ],
            [
                [
                    0.5200106838097175
                ]
            ],
            [
                [
                    0.5290546730160713
                ]
            ]
        ],
        "std": [
            [
                [
                    0.19819166503045826
                ]
            ],
            [
                [
                    0.19090770640273905
                ]
            ],
            [
                [
                    0.21046875066128748
                ]
            ]
        ],
        "count": [
            24000
        ]
    },
    "observation.state": {
        "min": [
            274.3322448730469,
            -418.05078125,
            701.75732421875,
            1.5707963705062866,
            1.5707963705062866,
            -1.5707963705062866,
            -0.07213839888572693
        ],
        "max": [
            693.693359375,
            352.069580078125,
            1033.4547119140625,
            1.5707963705062866,
            1.5707963705062866,
            -1.5707963705062866,
            86.12126922607422
        ],
        "mean": [
            473.86282336596713,
            -62.79764864932424,
            815.6913428020256,
            1.5707973008766958,
            1.5707973008766958,
            -1.5707973008766958,
            53.56108121182672
        ],
        "std": [
            64.65210021783557,
            156.52060329524923,
            75.66391970947704,
            1.0432553384632049e-06,
            1.0432553384632049e-06,
            1.0432553384632049e-06,
            33.89572424377555
        ],
        "count": [
            32708
        ]
    },
    "next.reward": {
        "min": [
            0.0
        ],
        "max": [
            1.0
        ],
        "mean": [
            0.007337654389003541
        ],
        "std": [
            0.0853452597081944
        ],
        "count": [
            32708
        ]
    },
    "task_index": {
        "min": [
            0
        ],
        "max": [
            2
        ],
        "mean": [
            1.0136969548734254
        ],
        "std": [
            0.8016176885265579
        ],
        "count": [
            32708
        ]
    },
    "next.done": {
        "min": [
            false
        ],
        "max": [
            true
        ],
        "mean": [
            0.007337654396477926
        ],
        "std": [
            0.08534525894527342
        ],
        "count": [
            32708
        ]
    },
    "action": {
        "min": [
            233.80075073242188,
            -448.76116943359375,
            683.6527099609375,
            1.5707963705062866,
            1.5707963705062866,
            -1.5707963705062866,
            0.0,
            0.0
        ],
        "max": [
            701.22705078125,
            378.2751770019531,
            1037.9013671875,
            1.5707963705062866,
            1.5707963705062866,
            -1.5707963705062866,
            1.0,
            1.0
        ],
        "mean": [
            476.2564049704786,
            -62.40047270894485,
            817.6051149502409,
            1.5707973008766958,
            1.5707973008766958,
            -1.5707973008766958,
            0.426042558118506,
            0.007337654389003541
        ],
        "std": [
            66.20370187995601,
            157.325635302276,
            79.65986784476262,
            1.0432553384632049e-06,
            1.0432553384632049e-06,
            1.0432553384632049e-06,
            0.4945000247617967,
            0.08534526004819856
        ],
        "count": [
            32708
        ]
    },
    "timestamp": {
        "min": [
            0.0
        ],
        "max": [
            34.599998474121094
        ],
        "mean": [
            13.659367429403916
        ],
        "std": [
            8.09621082364431
        ],
        "count": [
            32708
        ]
    },
    "index": {
        "min": [
            0
        ],
        "max": [
            32707
        ],
        "mean": [
            16353.5
        ],
        "std": [
            9441.986297914227
        ],
        "count": [
            32708
        ]
    },
    "episode_index": {
        "min": [
            0
        ],
        "max": [
            239
        ],
        "mean": [
            118.9262565733154
        ],
        "std": [
            69.21142990282249
        ],
        "count": [
            32708
        ]
    }
}