{
    "frame_index": {
        "min": [
            0
        ],
        "max": [
            209
        ],
        "mean": [
            92.51295171090501
        ],
        "std": [
            54.10133326840032
        ],
        "count": [
            25016
        ]
    },
    "observation.images.image": {
        "min": [
            [
                [
                    0.0
                ]
            ],
            [
                [
                    0.0
                ]
            ],
            [
                [
                    0.0
                ]
            ]
        ],
        "max": [
            [
                [
                    1.0
                ]
            ],
            [
                [
                    1.0
                ]
            ],
            [
                [
                    1.0
                ]
            ]
        ],
        "mean": [
            [
                [
                    0.4293622535687906
                ]
            ],
            [
                [
                    0.4311381123684071
                ]
            ],
            [
                [
                    0.41771957631464357
                ]
            ]
        ],
        "std": [
            [
                [
                    0.20322462699709154
                ]
            ],
            [
                [
                    0.1935898257444808
                ]
            ],
            [
                [
                    0.20127068924309385
                ]
            ]
        ],
        "count": [
            13500
        ]
    },
    "observation.state": {
        "min": [
            0.005320895928889513,
            0.0,
            0.45218077301979065,
            -3.1155149936676025
        ],
        "max": [
            0.3401322066783905,
            0.0,
            1.1013386249542236,
            3.110913038253784
        ],
        "mean": [
            0.14593259656650223,
            0.0,
            0.757375235005446,
            -0.42665486656984736
        ],
        "std": [
            0.09954305745944403,
            0.0,
            0.15825361162089258,
            2.734945295952777
        ],
        "count": [
            25016
        ]
    },
    "task_index": {
        "min": [
            0
        ],
        "max": [
            4
        ],
        "mean": [
            1.2634713783178766
        ],
        "std": [
            1.2326905164064348
        ],
        "count": [
            25016
        ]
    },
    "episode_index": {
        "min": [
            0
        ],
        "max": [
            134
        ],
        "mean": [
            67.1201630956188
        ],
        "std": [
            39.042085107832804
        ],
        "count": [
            25016
        ]
    },
    "action": {
        "min": [
            -0.019353797659277916,
            0.0,
            -0.02019215188920498,
            0.0,
            0.0,
            0.0,
            0.0,
            0.0
        ],
        "max": [
            0.02338407188653946,
            0.0,
            0.023404927924275398,
            0.0,
            0.0,
            0.0,
            1.0,
            1.0
        ],
        "mean": [
            0.0003630453106179633,
            0.0,
            0.0016467082033741964,
            0.0,
            0.0,
            0.0,
            0.39870483014252495,
            0.005396546257575953
        ],
        "std": [
            0.004081969675512704,
            0.0,
            0.0037743232352771016,
            0.0,
            0.0,
            0.0,
            0.48963185368646134,
            0.07326270094069222
        ],
        "count": [
            25016
        ]
    },
    "next.reward": {
        "min": [
            0.0
        ],
        "max": [
            1.0
        ],
        "mean": [
            0.005396546257575953
        ],
        "std": [
            0.07326270104315986
        ],
        "count": [
            25016
        ]
    },
    "timestamp": {
        "min": [
            0.0
        ],
        "max": [
            41.79999923706055
        ],
        "mean": [
            18.50259095767759
        ],
        "std": [
            10.820266467523538
        ],
        "count": [
            25016
        ]
    },
    "next.done": {
        "min": [
            false
        ],
        "max": [
            true
        ],
        "mean": [
            0.005396546210425328
        ],
        "std": [
            0.07326270196644451
        ],
        "count": [
            25016
        ]
    },
    "index": {
        "min": [
            0
        ],
        "max": [
            25015
        ],
        "mean": [
            12507.5
        ],
        "std": [
            7221.497161254029
        ],
        "count": [
            25016
        ]
    }
}