{
    "index": {
        "min": [
            0
        ],
        "max": [
            19999
        ],
        "mean": [
            9999.5
        ],
        "std": [
            5773.502684679379
        ],
        "count": [
            20000
        ]
    },
    "observation.state": {
        "min": [
            -0.02761165425181389,
            -0.9664078950881958,
            0.4924078583717346,
            -0.12732040882110596,
            -1.4296700954437256,
            -0.4325825870037079,
            -0.15286582708358765,
            -0.11198060214519501,
            -0.9786797761917114,
            0.4417864680290222,
            -0.24697090685367584,
            -1.0385050773620605,
            -1.4894953966140747,
            -0.13289785385131836
        ],
        "max": [
            0.07976700365543365,
            0.475534051656723,
            1.3545050621032715,
            0.14419420063495636,
            -0.28071850538253784,
            0.13038836419582367,
            0.691604733467102,
            0.07363107800483704,
            0.374291330575943,
            1.2302526235580444,
            0.27765053510665894,
            -0.016873789951205254,
            0.12425244599580765,
            0.5796970129013062
        ],
        "mean": [
            0.022643919482361524,
            0.0837409287923947,
            0.9265227246284485,
            0.0016902263453812338,
            -0.7688254833221435,
            -0.04182497582049109,
            0.30627092242240905,
            -0.04964124109596014,
            -0.14540283909998833,
            0.924457130432129,
            0.009043368829879909,
            -0.44543889939785003,
            -0.30405006289482117,
            0.07745579017268028
        ],
        "std": [
            0.01884301096833554,
            0.35072046724836486,
            0.1731210199289545,
            0.03221447313120484,
            0.3641730520747699,
            0.10487547971268937,
            0.23050269310333368,
            0.02810456960167101,
            0.3169771103152386,
            0.1724046316061204,
            0.0707435347122187,
            0.24554291069060583,
            0.48211288818618836,
            0.2746380719670804
        ],
        "count": [
            20000
        ]
    },
    "task_index": {
        "min": [
            0
        ],
        "max": [
            0
        ],
        "mean": [
            0.0
        ],
        "std": [
            0.0
        ],
        "count": [
            20000
        ]
    },
    "observation.images.cam_high": {
        "min": [
            [
                [
                    0.0
                ]
            ],
            [
                [
                    0.0
                ]
            ],
            [
                [
                    0.0
                ]
            ]
        ],
        "max": [
            [
                [
                    1.0
                ]
            ],
            [
                [
                    1.0
                ]
            ],
            [
                [
                    1.0
                ]
            ]
        ],
        "mean": [
            [
                [
                    0.4374933898448944
                ]
            ],
            [
                [
                    0.43733696699142455
                ]
            ],
            [
                [
                    0.4468593019247055
                ]
            ]
        ],
        "std": [
            [
                [
                    0.19735989068138055
                ]
            ],
            [
                [
                    0.1952951936350439
                ]
            ],
            [
                [
                    0.19409708177901933
                ]
            ]
        ],
        "count": [
            5000
        ]
    },
    "observation.images.cam_low": {
        "min": [
            [
                [
                    0.0
                ]
            ],
            [
                [
                    0.0
                ]
            ],
            [
                [
                    0.0
                ]
            ]
        ],
        "max": [
            [
                [
                    1.0
                ]
            ],
            [
                [
                    1.0
                ]
            ],
            [
                [
                    1.0
                ]
            ]
        ],
        "mean": [
            [
                [
                    0.4913318943977356
                ]
            ],
            [
                [
                    0.505655569434166
                ]
            ],
            [
                [
                    0.5203873062133789
                ]
            ]
        ],
        "std": [
            [
                [
                    0.20699740643166864
                ]
            ],
            [
                [
                    0.20592619046243354
                ]
            ],
            [
                [
                    0.20386995811549496
                ]
            ]
        ],
        "count": [
            5000
        ]
    },
    "action": {
        "min": [
            -0.02761165425181389,
            -0.9648739695549011,
            0.46786415576934814,
            -0.1288543939590454,
            -1.4358060359954834,
            -0.4325825870037079,
            -0.26039958000183105,
            -0.12271846830844879,
            -0.977145791053772,
            0.4218447208404541,
            -0.24697090685367584,
            -1.0569127798080444,
            -1.4894953966140747,
            -0.21546149253845215
        ],
        "max": [
            0.08283496648073196,
            0.45712628960609436,
            1.3453011512756348,
            0.1457281857728958,
            -0.28378644585609436,
            0.13038836419582367,
            0.6668043732643127,
            0.0782330259680748,
            0.3574175238609314,
            1.2210487127304077,
            0.2791845202445984,
            -0.02147573232650757,
            0.12271846830844879,
            0.5637391209602356
        ],
        "mean": [
            0.023685183901106938,
            0.07700277430587449,
            0.9108864986896514,
            0.0026221182639710604,
            -0.7862343060970306,
            -0.042406275172252206,
            0.28140433222055433,
            -0.05224598210304975,
            -0.15083977242931723,
            0.9065156435966492,
            0.010924864915577927,
            -0.45773671567440033,
            -0.30685929626226427,
            0.035694779548794034
        ],
        "std": [
            0.019395600598956075,
            0.32673366714061347,
            0.17113966257267452,
            0.03273384848959794,
            0.3641290736005059,
            0.10538356588452373,
            0.24647617948036993,
            0.03018768751752907,
            0.29995437060104957,
            0.1707201133811831,
            0.07184036478395034,
            0.24873668022840872,
            0.4832351181824611,
            0.3081155157190445
        ],
        "count": [
            20000
        ]
    },
    "timestamp": {
        "min": [
            0.0
        ],
        "max": [
            7.980000019073486
        ],
        "mean": [
            3.990000009536743
        ],
        "std": [
            2.309393882751465
        ],
        "count": [
            20000
        ]
    },
    "frame_index": {
        "min": [
            0
        ],
        "max": [
            399
        ],
        "mean": [
            199.5
        ],
        "std": [
            115.46969299344309
        ],
        "count": [
            20000
        ]
    },