{
    "next.reward": {
        "min": [
            0.0
        ],
        "max": [
            1.0
        ],
        "mean": [
            0.0014657598553017303
        ],
        "std": [
            0.03825717420858132
        ],
        "count": [
            34112
        ]
    },
    "next.done": {
        "min": [
            false
        ],
        "max": [
            true
        ],
        "mean": [
            0.0014657598499061913
        ],
        "std": [
            0.03825717446399557
        ],
        "count": [
            34112
        ]
    },
    "action": {
        "min": [
            -1.0,
            -1.0,
            -1.0,
            0.0,
            0.0,
            0.0,
            -1.0
        ],
        "max": [
            1.0,
            1.0,
            1.0,
            0.0,
            0.0,
            0.0,
            1.0
        ],
        "mean": [
            -0.07678352754997084,
            0.003684920293575382,
            0.05644917789303679,
            0.0,
            0.0,
            0.0,
            0.29790103087187736
        ],
        "std": [
            0.6367750296984152,
            0.3788929325004048,
            0.4779542211235785,
            0.0,
            0.0,
            0.0,
            0.9545967599263816
        ],
        "count": [
            34112
        ]
    },
    "task_index": {
        "min": [
            0
        ],
        "max": [
            0
        ],
        "mean": [
            0.0
        ],
        "std": [
            0.0
        ],
        "count": [
            34112
        ]
    },
    "timestamp": {
        "min": [
            0.0
        ],
        "max": [
            165.1999969482422
        ],
        "mean": [
            68.68208856911417
        ],
        "std": [
            40.345634526158264
        ],
        "count": [
            34112
        ]
    },
    "observation.images.image": {
        "min": [
            [
                [
                    0.0
                ]
            ],
            [
                [
                    0.0
                ]
            ],
            [
                [
                    0.0
                ]
            ]
        ],
        "max": [
            [
                [
                    1.0
                ]
            ],
            [
                [
                    1.0
                ]
            ],
            [
                [
                    1.0
                ]
            ]
        ],
        "mean": [
            [
                [
                    0.45307198475410027
                ]
            ],
            [
                [
                    0.44738006018623544
                ]
            ],
            [
                [
                    0.46587139281049716
                ]
            ]
        ],
        "std": [
            [
                [
                    0.2921759617831651
                ]
            ],
            [
                [
                    0.26432228114215794
                ]
            ],
            [
                [
                    0.25142165730248217
                ]
            ]
        ],
        "count": [
            6645
        ]
    },
    "index": {
        "min": [
            0
        ],
        "max": [
            34111
        ],
        "mean": [
            17055.5
        ],
        "std": [
            9847.286187066973
        ],
        "count": [
            34112
        ]
    },
    "observation.images.wrist_image": {
        "min": [
            [
                [
                    0.0
                ]
            ],
            [
                [
                    0.0
                ]
            ],
            [
                [
                    0.0
                ]
            ]
        ],
        "max": [
            [
                [
                    1.0
                ]
            ],
            [
                [
                    1.0
                ]
            ],
            [
                [
                    1.0
                ]
            ]
        ],
        "mean": [
            [
                [
                    0.35551250506111154
                ]
            ],
            [
                [
                    0.3879554755486789
                ]
            ],
            [
                [
                    0.39648890927647
                ]
            ]
        ],
        "std": [
            [
                [
                    0.2337459631386271
                ]
            ],
            [
                [
                    0.2023902542716521
                ]
            ],
            [
                [
                    0.1958066279154672
                ]
            ]
        ],
        "count": [
            6645
        ]
    },
    "observation.state": {
        "min": [
            -0.46276336908340454,
            -0.2620261609554291,
            -0.37377235293388367,
            -3.010026693344116,
            -0.015008972026407719,
            0.0,
            0.0,
            0.00019240332767367363,
            0.0,
            -0.08398733288049698,
            -0.22598794102668762,
            0.0,
            -0.08384297788143158,
            -0.9999894499778748,
            -0.09861700981855392,
            0.0,
            -0.2259189933538437,
            -0.11437610536813736,
            -0.9999997019767761,
            0.0,
            0.0,
            -0.31078848242759705,
            0.0,
            0.0
        ],
        "max": [
            0.25105541944503784,
            1.0239691734313965,
            0.25514841079711914,
            0.0,
            0.05838121101260185,
            3.0727620124816895,
            1.1911247968673706,
            0.07999841868877411,
            0.9999901056289673,
            0.10953540354967117,
            0.17144082486629486,
            0.0,
            0.10948587208986282,
            0.0,
            0.11361835896968842,
            0.0,
            0.1706877052783966,
            0.09871931374073029,
            0.0,
            0.0,
            0.7684353590011597,
            0.22995209693908691,
            0.3893454968929291,
            1.0
        ],
        "mean": [
            -0.022537505158502332,
            0.4221404608440416,
            0.011554285588441864,
            -2.040091886480407,
            -0.004423700604844897,
            2.439957860340041,
            0.762574253652741,
            0.03848178156102897,
            0.9911806475297735,
            0.010505781851699845,
            -0.026596584771054328,
            0.0,
            0.011342061104119623,
            -0.9943055311326238,
            -0.00339677635613869,
            0.0,
            -0.02724597015059693,
            0.0034223692724194557,
            -0.9915114218337675,
            0.0,
            0.5588991049918264,
            -0.002317768068985707,
            0.12601004842202237,
            0.9961890224419799
        ],
        "std": [
            0.16836768752921188,
            0.2238613859727212,
            0.11846799235111231,
            0.3187612643259286,
            0.012182688949331558,
            0.26838400655779515,
            0.26118855152235554,
            0.029944300002989806,
            0.06143131159631245,
            0.046028675965549555,
            0.08378861588832195,
            0.0,
            0.044987078219642956,
            0.061507140059038394,
            0.03974149422093465,
            0.0,
            0.08403718587805548,
            0.03876481220436232,
            0.061442581001031546,
            0.0,
            0.08965967701098412,
            0.14614534169817006,
            0.07691429084128902,
            0.06161540267552356
        ],
        "count": [
            34112
        ]
    },
    "frame_index": {
        "min": [
            0
        ],