{
    "action": {
        "min": [
            -0.1222027912735939,
            -0.612251341342926,
            -0.10181275010108948,
            -0.7705546021461487,
            -0.4772666096687317,
            -0.16267934441566467,
            1.0
        ],
        "max": [
            0.3841368854045868,
            0.4685169458389282,
            0.1522594690322876,
            0.7839639782905579,
            0.14777801930904388,
            0.14037667214870453,
            1.0
        ],
        "mean": [
            -0.00034723080267849184,
            0.0018154609772268696,
            0.0032171238624920475,
            -0.00019695262384357705,
            -0.009158638483053767,
            0.0017318148970472777,
            1.0
        ],
        "std": [
            0.007000976592120972,
            0.015592215766903185,
            0.013050048262781945,
            0.0203753797759945,
            0.023920084033271186,
            0.012160811312346172,
            0.0
        ],
        "count": [
            12971
        ]
    },
    "frame_index": {
        "min": [
            0
        ],
        "max": [
            199
        ],
        "mean": [
            82.55423637344846
        ],
        "std": [
            58.126723205078484
        ],
        "count": [
            12971
        ]
    },
    "index": {
        "min": [
            0
        ],
        "max": [
            12970
        ],
        "mean": [
            6485.0
        ],
        "std": [
            3744.4051597016046
        ],
        "count": [
            12971
        ]
    },
    "observation.images.image": {
        "min": [
            [
                [
                    0.0
                ]
            ],
            [
                [
                    0.0
                ]
            ],
            [
                [
                    0.0
                ]
            ]
        ],
        "max": [
            [
                [
                    1.0
                ]
            ],
            [
                [
                    1.0
                ]
            ],
            [
                [
                    1.0
                ]
            ]
        ],
        "mean": [
            [
                [
                    0.6986970419937193
                ]
            ],
            [
                [
                    0.6529324499182422
                ]
            ],
            [
                [
                    0.5854897502168991
                ]
            ]
        ],
        "std": [
            [
                [
                    0.24039582961804032
                ]
            ],
            [
                [
                    0.22160024381236823
                ]
            ],
            [
                [
                    0.2288851176445224
                ]
            ]
        ],
        "count": [
            8116
        ]
    },
    "observation.state": {
        "min": [
            0.1415271759033203,
            -0.20065872371196747,
            -0.04579990357160568,
            -3.141589641571045,
            -1.5670639276504517,
            -2.878807783126831
        ],
        "max": [
            0.9742081165313721,
            0.8565356135368347,
            0.12099780142307281,
            3.141592264175415,
            1.2846580743789673,
            2.735088586807251
        ],
        "mean": [
            0.7470550072578226,
            0.15762445820111642,
            0.017308492654252133,
            1.7016847847356547,
            -0.07792983635341419,
            1.4723923186018457
        ],
        "std": [
            0.12784394471697874,
            0.1573168039216812,
            0.03786453096233829,
            2.0811431055779135,
            0.39150673375434614,
            0.5691112572543262
        ],
        "count": [
            12971
        ]
    },
    "episode_index": {
        "min": [
            0
        ],
        "max": [
            99
        ],
        "mean": [
            48.07231516459795
        ],
        "std": [
            28.106126960263822
        ],
        "count": [
            12971
        ]
    },
    "timestamp": {
        "min": [
            0.0
        ],
        "max": [
            39.79999923706055
        ],
        "mean": [
            16.51084700791307
        ],
        "std": [
            11.625344320924935
        ],
        "count": [
            12971
        ]
    },
    "next.reward": {
        "min": [
            0.0
        ],
        "max": [
            1.0
        ],
        "mean": [
            0.00400894308415638
        ],
        "std": [
            0.0631891721493449
        ],
        "count": [
            12971
        ]
    },
    "next.done": {
        "min": [
            false
        ],
        "max": [
            true
        ],
        "mean": [
            0.007709505820676895
        ],
        "std": [
            0.0874646748160527
        ],
        "count": [
            12971
        ]
    },
    "task_index": {
        "min": [
            0
        ],
        "max": [
            0
        ],
        "mean": [
            0.0
        ],
        "std": [
            0.0
        ],
        "count": [
            12971
        ]
    }
}