{
    "action": {
        "min": [
            172.0,
            -166.0,
            -99.99999237060547,
            -180.00001525878906,
            -89.0,
            -96.00010681152344,
            0.0,
            0.0
        ],
        "max": [
            678.0,
            400.0,
            507.0,
            180.00001525878906,
            6.000013828277588,
            116.99998474121094,
            1.0,
            1.0
        ],
        "mean": [
            410.3756920956244,
            116.95189266649241,
            192.3503448697722,
            -121.2244071316659,
            -33.84892389038648,
            50.01614004331137,
            0.7418136010992737,
            0.03778337588913795
        ],
        "std": [
            122.81499138878209,
            108.80097092770062,
            130.30354411798078,
            116.28192814682154,
            27.621875739890047,
            41.021099946362014,
            0.43763704509612594,
            0.19067194936633325
        ],
        "count": [
            3970
        ]
    },
    "next.done": {
        "min": [
            false
        ],
        "max": [
            true
        ],
        "mean": [
            0.037783375314861464
        ],
        "std": [
            0.1906719482899301
        ],
        "count": [
            3970
        ]
    },
    "index": {
        "min": [
            0
        ],
        "max": [
            3969
        ],
        "mean": [
            1984.5
        ],
        "std": [
            1146.0402479843367
        ],
        "count": [
            3970
        ]
    },
    "task_index": {
        "min": [
            0
        ],
        "max": [
            7
        ],
        "mean": [
            2.616876574307305
        ],
        "std": [
            2.040167750642348
        ],
        "count": [
            3970
        ]
    },
    "observation.images.image": {
        "min": [
            [
                [
                    0.0
                ]
            ],
            [
                [
                    0.0
                ]
            ],
            [
                [
                    0.0
                ]
            ]
        ],
        "max": [
            [
                [
                    1.0
                ]
            ],
            [
                [
                    1.0
                ]
            ],
            [
                [
                    1.0
                ]
            ]
        ],
        "mean": [
            [
                [
                    0.36574590152096687
                ]
            ],
            [
                [
                    0.37264027644314757
                ]
            ],
            [
                [
                    0.3650466403372642
                ]
            ]
        ],
        "std": [
            [
                [
                    0.38779104370248246
                ]
            ],
            [
                [
                    0.3858631463395132
                ]
            ],
            [
                [
                    0.3813322397621034
                ]
            ]
        ],
        "count": [
            3970
        ]
    },
    "frame_index": {
        "min": [
            0
        ],
        "max": [
            49
        ],
        "mean": [
            13.795465994962216
        ],
        "std": [
            9.573550865182632
        ],
        "count": [
            3970
        ]
    },
    "observation.state": {
        "min": [
            -0.8404636979103088,
            -1.6351218223571777,
            -2.0142624378204346,
            0.00768359424546361,
            -0.20048317313194275,
            0.011292487382888794,
            -2.6592507362365723,
            -1.2263286113739014,
            -1.556750774383545,
            -2.935518741607666,
            -1.3922245502471924,
            -1.2083179950714111,
            -1.232560396194458,
            -2.1565098762512207,
            -28.32029914855957,
            -82.77677154541016,
            -25.13789939880371,
            -11.260807037353516,
            -11.168999671936035,
            -10.682384490966797,
            -11.698346138000488
        ],
        "max": [
            2.4945411682128906,
            1.0603798627853394,
            0.5518655776977539,
            2.71895432472229,
            1.9269907474517822,
            2.2231369018554688,
            0.7844778895378113,
            2.920315980911255,
            1.6803938150405884,
            0.8866614103317261,
            1.229170560836792,
            1.5074784755706787,
            1.7468205690383911,
            1.3735634088516235,
            20.853900909423828,
            29.618988037109375,
            27.203399658203125,
            61.537261962890625,
            12.637800216674805,
            15.52997875213623,
            20.392162322998047
        ],
        "mean": [
            0.35338103108551416,
            -0.2417282779865267,
            -0.34612121879561836,
            0.899386794861378,
            0.574852217139878,
            1.0456977065174045,
            -1.2317196753636115,
            0.019326824737435338,
            0.03869996515058113,
            -0.03515281588683211,
            0.057259928863727244,
            0.032259558434059504,
            0.019024152821098497,
            -0.10856706279820248,
            0.3959091616301388,
            -14.426980230189692,
            2.670148723161491,
            13.245016795982341,
            0.3566672742948574,
            -0.6834475524995655,
            0.3055476142105269
        ],
        "std": [
            0.6157449187129439,
            0.6327671497279788,
            0.5451730055632867,
            0.5327984221146574,
            0.4299661253480894,
            0.36147384377869063,
            0.687160220506613,
            0.21531565507224237,
            0.26597356387953036,
            0.21804599440914377,
            0.25269321781743104,
            0.19199770766039104,
            0.21259538364893335,
            0.349091704680101,
            3.169423744429415,
            16.611495982213036,
            6.809990913128862,
            5.030922604034374,
            1.8789195743153513,
            2.043122428884701,
            3.8569327089120664
        ],
        "count": [
            3970
        ]
    },
    "timestamp": {
        "min": [
            0.0
        ],
        "max": [
            9.800000190734863
        ],
        "mean": [
            2.759093229836721
        ],
        "std": [
            1.9147101713255954
        ],
        "count": [
            3970
        ]
    },
    "episode_index": {
        "min": [
            0
        ],
        "max": [
            149
        ],
        "mean": [
            74.43702770780857
        ],
        "std": [
            43.54588985375547
        ],
        "count": [
            3970
        ]
    },
    "next.reward": {
        "min": [
            0.0
        ],
        "max": [
            1.0
        ],
        "mean": [
            0.03778337588913795
        ],
        "std": [
            0.19067194796414677
        ],
        "count": [
            3970
        ]
    }
}