{
    "index": {
        "min": [
            0
        ],
        "max": [
            8927
        ],
        "mean": [
            4463.5
        ],
        "std": [
            2577.2915854956473
        ],
        "count": [
            8928
        ]
    },
    "action": {
        "min": [
            -0.10054297000169754,
            -0.08427435159683228,
            -0.13533438742160797,
            -0.17556548118591309,
            -0.18485672771930695,
            -0.2680685818195343,
            0.0
        ],
        "max": [
            0.18991442024707794,
            0.0739002525806427,
            0.18064819276332855,
            0.0866486132144928,
            0.13464981317520142,
            0.16910280287265778,
            1.0
        ],
        "mean": [
            0.006647803170876434,
            -0.0007657362028342221,
            0.006522850519978031,
            0.0011679772541440562,
            -0.006395631944395301,
            -0.011903031997485495,
            0.30141128968167047
        ],
        "std": [
            0.021393646527977823,
            0.01814236647337293,
            0.033743726040789734,
            0.01743541155228427,
            0.03394373397407647,
            0.04641877654939131,
            0.4588709334436336
        ],
        "count": [
            8928
        ]
    },
    "observation.state": {
        "min": [
            -0.9590276479721069,
            -0.042818181216716766,
            -0.40131720900535583,
            -3.1390082836151123,
            -1.5646799802780151,
            -3.1407129764556885,
            0.0
        ],
        "max": [
            0.044179707765579224,
            0.7948326468467712,
            0.9278888702392578,
            3.13334321975708,
            0.13346634805202484,
            3.1415085792541504,
            1.0
        ],
        "mean": [
            -0.565037522438286,
            0.49216655796680825,
            0.11101088666575744,
            0.8295024945233752,
            -0.951481817385322,
            0.03332388934121871,
            0.30141128968167047
        ],
        "std": [
            0.17193337526572153,
            0.14666651825165208,
            0.32768295340693293,
            1.1591314739831184,
            0.5676093958552418,
            2.6730156539957775,
            0.4588709334436336
        ],
        "count": [
            8928
        ]
    },
    "observation.images.image": {
        "min": [
            [
                [
                    0.0
                ]
            ],
            [
                [
                    0.0
                ]
            ],
            [
                [
                    0.0
                ]
            ]
        ],
        "max": [
            [
                [
                    1.0
                ]
            ],
            [
                [
                    1.0
                ]
            ],
            [
                [
                    1.0
                ]
            ]
        ],
        "mean": [
            [
                [
                    0.5268053907413287
                ]
            ],
            [
                [
                    0.5300731289835952
                ]
            ],
            [
                [
                    0.5300310128789343
                ]
            ]
        ],
        "std": [
            [
                [
                    0.2785875525037167
                ]
            ],
            [
                [
                    0.2717072822176727
                ]
            ],
            [
                [
                    0.2582040721394604
                ]
            ]
        ],
        "count": [
            8386
        ]
    },
    "timestamp": {
        "min": [
            0.0
        ],
        "max": [
            36.400001525878906
        ],
        "mean": [
            9.250963230340284
        ],
        "std": [
            6.418740556471237
        ],
        "count": [
            8928
        ]
    },
    "episode_index": {
        "min": [
            0
        ],
        "max": [
            103
        ],
        "mean": [
            52.16700268817204
        ],
        "std": [
            30.19469009483177
        ],
        "count": [
            8928
        ]
    },
    "frame_index": {
        "min": [
            0
        ],
        "max": [
            182
        ],
        "mean": [
            46.254816308243726
        ],
        "std": [
            32.093702578112584
        ],
        "count": [
            8928
        ]
    },
    "next.done": {
        "min": [
            false
        ],
        "max": [
            true
        ],
        "mean": [
            0.011648745519713262
        ],
        "std": [
            0.10729889210765516
        ],
        "count": [
            8928
        ]
    },
    "task_index": {
        "min": [
            0
        ],
        "max": [
            13
        ],
        "mean": [
            4.319108422939068
        ],
        "std": [
            3.5972451268410084
        ],
        "count": [
            8928
        ]
    },
    "next.reward": {
        "min": [
            0.0
        ],
        "max": [
            1.0
        ],
        "mean": [
            0.010752688192175768
        ],
        "std": [
            0.10313616182038073
        ],
        "count": [
            8928
        ]
    }
}