{
    "observation.state": {
        "min": [
            1.1640084981918335,
            -0.04101072996854782,
            0.38248389959335327,
            -0.06519896537065506
        ],
        "max": [
            1.76494562625885,
            0.6728018522262573,
            1.1593033075332642,
            0.9001995921134949
        ],
        "mean": [
            1.550590908229351,
            0.23178559235762805,
            0.5936112201958895,
            0.27622857111069604
        ],
        "std": [
            0.14509125524451755,
            0.08910066300432905,
            0.06510408472578466,
            0.326934467844491
        ],
        "count": [
            20000
        ]
    },
    "episode_index": {
        "min": [
            0
        ],
        "max": [
            799
        ],
        "mean": [
            399.5
        ],
        "std": [
            230.9399272538207
        ],
        "count": [
            20000
        ]
    },
    "task_index": {
        "min": [
            0
        ],
        "max": [
            0
        ],
        "mean": [
            0.0
        ],
        "std": [
            0.0
        ],
        "count": [
            20000
        ]
    },
    "timestamp": {
        "min": [
            0.0
        ],
        "max": [
            1.600000023841858
        ],
        "mean": [
            0.800000011920929
        ],
        "std": [
            0.48074015974998474
        ],
        "count": [
            20000
        ]
    },
    "action": {
        "min": [
            -1.0,
            -1.0,
            -1.0,
            -1.0
        ],
        "max": [
            1.0,
            1.0,
            1.0,
            1.0
        ],
        "mean": [
            0.22365248848251212,
            -0.03180982583824516,
            -0.1008178467235848,
            -0.025045772998419126
        ],
        "std": [
            0.572296570134903,
            0.5664538878174576,
            0.5292554710923348,
            0.6070170018721464
        ],
        "count": [
            20000
        ]
    },
    "observation.image": {
        "min": [
            [
                [
                    0.0
                ]
            ],
            [
                [
                    0.0
                ]
            ],
            [
                [
                    0.0
                ]
            ]
        ],
        "max": [
            [
                [
                    1.0
                ]
            ],
            [
                [
                    1.0
                ]
            ],
            [
                [
                    1.0
                ]
            ]
        ],
        "mean": [
            [
                [
                    0.4308215664699674
                ]
            ],
            [
                [
                    0.43231220994144676
                ]
            ],
            [
                [
                    0.43085883505642414
                ]
            ]
        ],
        "std": [
            [
                [
                    0.36120838502408914
                ]
            ],
            [
                [
                    0.3594738660533163
                ]
            ],
            [
                [
                    0.36011986525069045
                ]
            ]
        ],
        "count": [
            20000
        ]
    },
    "next.reward": {
        "min": [
            -0.04991491883993149
        ],
        "max": [
            1.43178391456604
        ],
        "mean": [
            0.6851600249751937
        ],
        "std": [
            0.5526450928665131
        ],
        "count": [
            20000
        ]
    },
    "next.done": {
        "min": [
            false
        ],
        "max": [
            true
        ],
        "mean": [
            0.04
        ],
        "std": [
            0.19595917942265423
        ],
        "count": [
            20000
        ]
    },
    "index": {
        "min": [
            0
        ],
        "max": [
            19999
        ],
        "mean": [
            9999.5
        ],
        "std": [
            5773.502684679379
        ],
        "count": [
            20000
        ]
    },
    "frame_index": {
        "min": [
            0
        ],
        "max": [
            24
        ],
        "mean": [
            12.0
        ],
        "std": [
            7.211102550927977
        ],
        "count": [
            20000
        ]
    }
}