{
    "timestamp": {
        "min": [
            0.0
        ],
        "max": [
            29.979999542236328
        ],
        "mean": [
            14.989999771118164
        ],
        "std": [
            8.660252571105955
        ],
        "count": [
            127500
        ]
    },
    "observation.images.cam_left_wrist": {
        "min": [
            [
                [
                    0.0
                ]
            ],
            [
                [
                    0.0
                ]
            ],
            [
                [
                    0.0
                ]
            ]
        ],
        "max": [
            [
                [
                    1.0
                ]
            ],
            [
                [
                    1.0
                ]
            ],
            [
                [
                    1.0
                ]
            ]
        ],
        "mean": [
            [
                [
                    0.45789148036171406
                ]
            ],
            [
                [
                    0.4564071904210483
                ]
            ],
            [
                [
                    0.46864740813479705
                ]
            ]
        ],
        "std": [
            [
                [
                    0.2567262797867609
                ]
            ],
            [
                [
                    0.25669865504348977
                ]
            ],
            [
                [
                    0.26806588387622854
                ]
            ]
        ],
        "count": [
            20485
        ]
    },
    "observation.images.cam_right_wrist": {
        "min": [
            [
                [
                    0.0
                ]
            ],
            [
                [
                    0.0
                ]
            ],
            [
                [
                    0.0
                ]
            ]
        ],
        "max": [
            [
                [
                    1.0
                ]
            ],
            [
                [
                    1.0
                ]
            ],
            [
                [
                    1.0
                ]
            ]
        ],
        "mean": [
            [
                [
                    0.45818094190429237
                ]
            ],
            [
                [
                    0.46308139036683477
                ]
            ],
            [
                [
                    0.4680132532820982
                ]
            ]
        ],
        "std": [
            [
                [
                    0.25870577938529743
                ]
            ],
            [
                [
                    0.25938543270738046
                ]
            ],
            [
                [
                    0.2655623126485543
                ]
            ]
        ],
        "count": [
            20485
        ]
    },
    "action": {
        "min": [
            -1.2992817163467407,
            -1.1734952926635742,
            -0.6120583415031433,
            -0.9909515976905823,
            -1.7932236194610596,
            -2.0064468383789062,
            -0.22263889014720917,
            -0.6197282671928406,
            -1.3146215677261353,
            -0.5568350553512573,
            -1.2563302516937256,
            -1.8346410989761353,
            -1.1382137537002563,
            -0.16488899290561676
        ],
        "max": [
            0.6672816872596741,
            1.101398229598999,
            1.543184757232666,
            0.9648739695549011,
            0.7915341258049011,
            0.8007379770278931,
            1.1380923986434937,
            0.9096506237983704,
            1.1949710845947266,
            1.5523885488510132,
            1.274738073348999,
            1.0860583782196045,
            2.3638644218444824,
            1.1471158266067505
        ],
        "mean": [
            -0.3378254136618446,
            -0.14234322979087558,
            0.6585797204690821,
            -0.16608326285529662,
            -0.539456349961898,
            -0.28222263035200096,
            0.2855229951003019,
            0.3106303330729989,
            -0.20207678465282217,
            0.6640201856108273,
            0.01102536442443071,
            -0.4185682749046999,
            0.4236869613913929,
            0.3215109926812789
        ],
        "std": [
            0.2710266111932798,
            0.5117540198062844,
            0.34679798468444767,
            0.33377273280596514,
            0.5668194016468047,
            0.603676576135187,
            0.4153801528900717,
            0.2520377490974606,
            0.5153601029949776,
            0.32931866343149097,
            0.4744477607389931,
            0.6356848673764415,
            0.7136952824597013,
            0.408905472774738
        ],
        "count": [
            127500
        ]
    },
    "observation.images.cam_high": {
        "min": [
            [
                [
                    0.0
                ]
            ],
            [
                [
                    0.0
                ]
            ],
            [
                [
                    0.0
                ]
            ]
        ],
        "max": [
            [
                [
                    1.0
                ]
            ],
            [
                [
                    1.0
                ]
            ],
            [
                [
                    1.0
                ]
            ]
        ],
        "mean": [
            [
                [
                    0.5280652246054481
                ]
            ],
            [
                [
                    0.53120596724398
                ]
            ],
            [
                [
                    0.5238594433840583
                ]
            ]
        ],
        "std": [
            [
                [
                    0.2533399632285072
                ]
            ],
            [
                [
                    0.2580590099908338
                ]
            ],
            [
                [
                    0.27612509975877775
                ]
            ]
        ],
        "count": [
            20485
        ]
    },
    "index": {
        "min": [
            0
        ],
        "max": [
            127499
        ],
        "mean": [
            63749.5
        ],
        "std": [
            36806.079659706586
        ],
        "count": [
            127500
        ]
    },
    "episode_index": {
        "min": [
            0
        ],
        "max": [
            84
        ],
        "mean": [
            42.0
        ],
        "std": [
            24.535688292770594
        ],
        "count": [
            127500
        ]
    },
    "observation.state": {
        "min": [
            -1.2103108167648315,
            -1.1719613075256348,
            -0.5844466686248779,
            -1.0170292854309082,
            -1.777883768081665,
            -2.004912853240967,
            -0.0201415978372097,
            -0.62126225233078,
            -1.3176895380020142,
            -0.5292233824729919,
            -1.2563302516937256,
            -1.840777039527893,
            -1.150485634803772,
            -0.0037650112062692642
        ],
        "max": [
            0.6626797318458557,
            1.1228740215301514,
            1.5493206977844238,
            0.9648739695549011,
            0.79460209608078,
            0.7884661555290222,
            0.999998927116394,
            0.9111846089363098,
            1.1949710845947266,
            1.558524489402771,
            1.2501944303512573,
            1.0737866163253784,
            2.362330436706543,
            0.9999999403953552
        ],