{
    "observation.images.cam_left_wrist": {
        "min": [
            [
                [
                    0.0
                ]
            ],
            [
                [
                    0.0
                ]
            ],
            [
                [
                    0.0
                ]
            ]
        ],
        "max": [
            [
                [
                    1.0
                ]
            ],
            [
                [
                    1.0
                ]
            ],
            [
                [
                    1.0
                ]
            ]
        ],
        "mean": [
            [
                [
                    0.46785581767559054
                ]
            ],
            [
                [
                    0.45794939339160917
                ]
            ],
            [
                [
                    0.46694251120090485
                ]
            ]
        ],
        "std": [
            [
                [
                    0.23122604038300876
                ]
            ],
            [
                [
                    0.23336107082633717
                ]
            ],
            [
                [
                    0.23913844946348808
                ]
            ]
        ],
        "count": [
            10800
        ]
    },
    "episode_index": {
        "min": [
            0
        ],
        "max": [
            49
        ],
        "mean": [
            24.5
        ],
        "std": [
            14.430869689661812
        ],
        "count": [
            65000
        ]
    },
    "task_index": {
        "min": [
            0
        ],
        "max": [
            0
        ],
        "mean": [
            0.0
        ],
        "std": [
            0.0
        ],
        "count": [
            65000
        ]
    },
    "next.done": {
        "min": [
            false
        ],
        "max": [
            true
        ],
        "mean": [
            0.0007692307692307692
        ],
        "std": [
            0.02772434044760016
        ],
        "count": [
            65000
        ]
    },
    "frame_index": {
        "min": [
            0
        ],
        "max": [
            1299
        ],
        "mean": [
            649.5
        ],
        "std": [
            375.2775639443424
        ],
        "count": [
            65000
        ]
    },
    "observation.images.cam_high": {
        "min": [
            [
                [
                    0.0
                ]
            ],
            [
                [
                    0.0
                ]
            ],
            [
                [
                    0.0
                ]
            ]
        ],
        "max": [
            [
                [
                    1.0
                ]
            ],
            [
                [
                    1.0
                ]
            ],
            [
                [
                    1.0
                ]
            ]
        ],
        "mean": [
            [
                [
                    0.44940869927406313
                ]
            ],
            [
                [
                    0.4509014672040939
                ]
            ],
            [
                [
                    0.4359750717878342
                ]
            ]
        ],
        "std": [
            [
                [
                    0.19976662159657618
                ]
            ],
            [
                [
                    0.20286765414028868
                ]
            ],
            [
                [
                    0.21596720431754843
                ]
            ]
        ],
        "count": [
            10800
        ]
    },
    "observation.effort": {
        "min": [
            -699.4000244140625,
            -1829.2000732421875,
            -979.1600341796875,
            -392.7400207519531,
            -680.5700073242188,
            -231.3400115966797,
            -1110.969970703125,
            -1740.4300537109375,
            -1950.25,
            -1127.1099853515625,
            -360.46002197265625,
            -817.760009765625,
            -145.260009765625,
            -868.8699951171875
        ],
        "max": [
            653.6700439453125,
            677.8800048828125,
            728.989990234375,
            298.5899963378906,
            675.1900024414062,
            142.57000732421875,
            911.9100341796875,
            1393.4200439453125,
            473.44000244140625,
            61.87000274658203,
            435.7799987792969,
            317.4200134277344,
            104.91000366210938,
            895.77001953125
        ],
        "mean": [
            -11.455934543609619,
            -187.60342391967774,
            -313.6511962890625,
            3.6640272518247365,
            -124.67513046264648,
            0.179402449503541,
            -125.5397428894043,
            3.016440905146301,
            -459.90764587402344,
            -438.5042333984375,
            0.08748594813048839,
            -263.4313977050781,
            0.5118865388324627,
            -67.16687866210937
        ],
        "std": [
            36.5457642490145,
            474.95763858766,
            186.4423908771872,
            19.0041237063028,
            79.04061188502266,
            9.847002706339868,
            282.3540711502214,
            109.12912552983455,
            420.0167473997815,
            186.81717291549302,
            26.66551880569125,
            126.21680311987049,
            8.064479626259716,
            102.43541171660691
        ],
        "count": [
            65000
        ]
    },
    "index": {
        "min": [
            0
        ],
        "max": [
            64999
        ],
        "mean": [
            32499.5
        ],
        "std": [
            18763.883746442258
        ],
        "count": [
            65000
        ]
    },
    "observation.state": {
        "min": [
            -0.5721748471260071,
            -1.5508545637130737,
            0.00920388475060463,
            -0.22549518942832947,
            -1.76407790184021,
            -0.36968937516212463,
            -0.01977989822626114,
            -0.07669904083013535,
            -1.1581555604934692,
            -0.10584467649459839,
            -0.32520392537117004,
            -1.3514370918273926,
            -0.5553010702133179,
            -0.0005283592035993934
        ],
        "max": [
            0.06596117466688156,
            1.0676506757736206,
            1.4097284078598022,
            0.41724279522895813,
            0.015339808538556099,
            0.08436894416809082,
            0.9999957084655762,
            1.0477088689804077,
            0.8329516053199768,
            1.2701361179351807,
            0.5506991147994995,
            0.1288543939590454,
            0.43411657214164734,
            0.999998927116394
        ],
        "mean": [
            -0.16959370777010918,
            -0.40548310458660125,
            1.0092949974536896,
            0.06377284743241035,
            -0.6945591342449188,
            -0.08771543435752392,
            0.23730744898319245,
            0.3732748180627823,
            -0.20940042704343795,
            0.7929381692409515,
            0.002309170258231461,
            -0.5540395486354828,
            0.07945849368581548,
            0.0991181705892086
        ],
        "std": [
            0.18537767337459654,
            0.8525217459611061,
            0.3503561975661136,
            0.0993530708380269,
            0.4978950657217989,
            0.06105391808537482,
            0.35628836080709164,
            0.1998887341826481,
            0.5252589373997049,
            0.266434219368325,
            0.12730168813144396,
            0.25960184797022073,
            0.11432533746770698,
            0.2150652683959124
        ],